status_time,inp_quantity,cu_content,outp_quantity,inp_avg_hardness,rec_ph,rec_percent,total_cu
2020-04-30 23:59:58,147.0,0.0800212043318769,159.0,0.4695661173289617,9.872033759818311,0.9498721475706932,12.085576200376194
2020-05-01 00:14:59,230.0,0.0800212043318769,239.0,0.4945806802574192,10.287973415931049,0.9469355197523107,18.1102060509356
2020-05-01 00:29:56,252.0,0.0800212043318769,247.0,0.4992216262509987,10.00690844017911,0.949157457887038,18.76032255153377
2020-05-01 00:45:04,248.0,0.0800212043318769,247.0,0.5091129876511508,9.862207957492242,0.9495080010388741,18.76725112017328
2020-05-01 01:00:00,236.0,0.0799765781644676,241.0,0.4779436622467206,9.559136998347261,0.9496583915866872,18.30405328881034
2020-05-01 01:15:03,257.0,0.0799765781644676,256.0,0.48057863190578,10.11473528266664,0.9486599052452361,19.422866704215565
2020-05-01 01:29:58,245.0,0.0799765781644676,246.0,0.4921654499044028,9.59396802815673,0.949684543496697,18.684319950639377
2020-05-01 01:45:03,264.0,0.0799765781644676,261.0,0.4896977781944342,10.729432501955198,0.9401222025159548,19.62400452836753
2020-05-01 01:59:55,242.0,0.0798248384717577,244.0,0.4788500604173549,10.909156901252572,0.9362488398541414,18.23556262821748
2020-05-01 02:15:00,249.0,0.0798248384717577,245.0,0.4861956756707005,9.458603797064445,0.9491212353916152,18.562045079786447
2020-05-01 02:29:56,250.0,0.0798248384717577,248.0,0.4843841761903145,10.479312595206661,0.9445494831552186,18.69883046051899
2020-05-01 02:44:58,251.0,0.0798248384717577,255.0,0.49505390124221,9.82223729938226,0.9498439724695318,19.334391127317026
2020-05-01 03:00:04,252.0,0.0798799210747103,252.0,0.501967871961853,9.92011140273483,0.949489543427609,19.112977747145553
2020-05-01 03:14:57,257.0,0.0798799210747103,253.0,0.4651167507358646,10.813991595731652,0.9383904434182712,18.964514303051015
2020-05-01 03:29:57,259.0,0.0798799210747103,265.0,0.4867786320873289,8.677590145494717,0.9381919458439508,19.859815125540074
2020-05-01 03:45:01,245.0,0.0798799210747103,245.0,0.4843198468673811,8.717823249253852,0.939078140027232,18.378304488548455
2020-05-01 04:00:03,246.0,0.0799292646463562,242.0,0.4865145388456516,8.550545993600814,0.9352337492234041,18.090116095187298
2020-05-01 04:15:04,250.0,0.0799292646463562,250.0,0.4763168432152114,10.581549613869845,0.9429422885491109,18.842170931920666
2020-05-01 04:29:58,248.0,0.0799292646463562,250.0,0.490127585062351,10.445391877374625,0.9449970178200073,18.88322918183819
2020-05-01 04:44:59,251.0,0.0799292646463562,249.0,0.4833252417305037,10.675030370617048,0.941235004260204,18.732823215732086
2020-05-01 05:00:00,247.0,0.0798761342656851,249.0,0.4728221074852609,10.94654585558191,0.9353489224998571,18.603301973596757
2020-05-01 05:15:00,252.0,0.0798761342656851,255.0,0.4800820661849408,10.49789641054181,0.944289197399128,19.233673532857637
2020-05-01 05:30:02,271.0,0.0798761342656851,271.0,0.4782907970673371,9.65369840563233,0.9499361634377069,20.562728932871195
2020-05-01 05:45:04,245.0,0.0798761342656851,240.0,0.4749252688776221,10.451322940716139,0.9449902889218533,18.11572108744572
2020-05-01 05:59:57,258.0,0.0797493301773349,264.0,0.4814025068048132,8.795686064672333,0.940680230971605,19.804915239396195
2020-05-01 06:15:01,269.0,0.0797493301773349,264.0,0.4811436654056231,10.09980255331881,0.948767077522051,19.975174276646463
2020-05-01 06:30:04,259.0,0.0797493301773349,261.0,0.4645843019467925,8.858383218522617,0.9418441863303247,19.604086620718967
2020-05-01 06:45:00,270.0,0.0797493301773349,269.0,0.4928425918986104,10.86167229262396,0.9372510177548922,20.106442895100102
2020-05-01 06:59:56,249.0,0.0795296706994347,249.0,0.4850618661721048,9.80462080437518,0.9499697722891134,18.812145007977968
2020-05-01 07:15:01,263.0,0.0795296706994347,266.0,0.4896213218575365,9.536654849976308,0.9494950597618715,20.086465829338056
2020-05-01 07:29:59,258.0,0.0795296706994347,262.0,0.5009581403784413,9.161389030261567,0.9462511226094629,19.71682052718646
2020-05-01 07:45:00,269.0,0.0795296706994347,261.0,0.4956002353333038,10.435584223585542,0.9450690861313049,19.617029667350213
2020-05-01 08:00:03,265.0,0.079174985671756,264.0,0.4886069428330761,9.640375830541371,0.9498484282740454,19.8539182245195
2020-05-01 08:14:55,263.0,0.079174985671756,244.0,0.480988040443483,9.92108487217162,0.9497225179151315,18.347401086530194
2020-05-01 08:30:02,249.0,0.079174985671756,251.0,0.4931549864508995,8.546974501090888,0.9350783866491451,18.58273928409361
2020-05-01 08:44:57,273.0,0.079174985671756,270.0,0.4959429384661595,10.044088742689693,0.948997967179798,20.286963122576243
2020-05-01 09:00:01,254.0,0.0793661259182439,257.0,0.4817585229353806,10.030239306806054,0.9492138842578614,19.361205165968187
2020-05-01 09:15:02,283.0,0.0793661259182439,278.0,0.4892011193547148,10.042334992186893,0.9490895193698391,20.940505207953837
2020-05-01 09:29:59,261.0,0.0793661259182439,263.0,0.4893789627594976,10.85937019628656,0.9373416150729217,19.56540440702564
2020-05-01 09:45:03,255.0,0.0793661259182439,259.0,0.4869845168029314,10.20455074775871,0.947866721681159,19.484183982944916
2020-05-01 10:00:04,275.0,0.0795057019911805,274.0,0.4905552379104675,9.398769751434465,0.9486869925890803,20.666730936500887
2020-05-01 10:15:01,275.0,0.0795057019911805,273.0,0.4898118331037012,9.592579884498354,0.9497058116164855,20.613418435884594
2020-05-01 10:29:59,259.0,0.0795057019911805,264.0,0.4877627252743362,10.244077989818162,0.947475553272914,19.887043171365523
2020-05-01 10:45:00,273.0,0.0795057019911805,271.0,0.4824984067518723,8.650563679073175,0.9376181261531207,20.201962563573414
2020-05-01 10:59:57,264.0,0.0795837176614368,263.0,0.4961525818432548,10.16691678861417,0.9480992363254125,19.84420788989006
2020-05-01 11:14:57,269.0,0.0795837176614368,265.0,0.4890139828224918,10.176594674045399,0.9481013347295669,19.99515866845055
2020-05-01 11:30:01,257.0,0.0795837176614368,259.0,0.4946749553713016,9.025956402684603,0.9445257875262801,19.468738261995373
2020-05-01 11:45:01,253.0,0.0795837176614368,251.0,0.5120435865546104,8.822315744137134,0.9407391288736137,18.79174682356126
2020-05-01 12:00:01,253.0,0.0795740962454575,251.0,0.4830402438633276,9.288570877310459,0.9478291041396016,18.931083733619655
2020-05-01 12:15:02,221.0,0.0795740962454575,225.0,0.508395691503853,9.409276927356556,0.948462993431429,16.981444243027635
2020-05-01 12:30:04,221.0,0.0795740962454575,219.0,0.4979693670453889,9.9254919260447,0.9495387364508274,16.547352409885086
2020-05-01 12:45:01,223.0,0.0795740962454575,221.0,0.4901967858010613,9.596503783655802,0.9497143751798063,16.70155854427179
2020-05-01 12:59:55,191.0,0.079593772846001,193.0,0.4686820632084182,10.970934595148066,0.9347321820086673,14.358980166562432
2020-05-01 13:15:04,203.0,0.079593772846001,203.0,0.4742493738348717,8.75511202687007,0.939882898001868,15.186191654736566
2020-05-01 13:29:57,218.0,0.079593772846001,212.0,0.4814222199416761,9.022191890237087,0.9445879738291892,15.938863971869264
2020-05-01 13:45:02,195.0,0.079593772846001,202.0,0.4701367215414445,8.90327379471249,0.9426735574026487,15.156250889159297
2020-05-01 14:00:04,186.0,0.0797987732329007,201.0,0.4962358707565187,10.132770813663496,0.9483780941488971,15.211561103281715
2020-05-01 14:14:57,191.0,0.0797987732329007,187.0,0.4897303944357803,9.133229006349456,0.94605916660643,14.11744548847457
2020-05-01 14:30:01,187.0,0.0797987732329007,187.0,0.4858083198385356,9.665776932140766,0.9499222911009171,14.1750924638342
2020-05-01 14:44:58,192.0,0.0797987732329007,193.0,0.4877872337491682,9.111063980004007,0.945791980906043,14.566296683294734
2020-05-01 14:59:55,174.0,0.0799658619562605,167.0,0.4946481546512178,8.8974239591138,0.9424477034818526,12.5857283739233
2020-05-01 15:15:04,207.0,0.0799658619562605,196.0,0.4735260246122533,8.775937852910763,0.9403029153046557,14.737658091974996
2020-05-01 15:29:55,170.0,0.0799658619562605,183.0,0.4834673839714973,10.140823973663183,0.9484438618782891,13.879292960596603
2020-05-01 15:44:55,210.0,0.0799658619562605,198.0,0.4774008927914292,8.845457378371535,0.941641181837862,14.909231454316942
2020-05-01 16:00:01,190.0,0.0799946222897174,192.0,0.4713437763963654,8.991455904200134,0.9441289419154841,14.50084571545338
2020-05-01 16:15:04,187.0,0.0799946222897174,192.0,0.4692998739996363,9.42181292665241,0.9489191830693939,14.574418873555848
2020-05-01 16:30:02,193.0,0.0799946222897174,193.0,0.4689091774984674,10.552483074619838,0.9434173370415008,14.565384512873734
2020-05-01 16:44:59,180.0,0.0799946222897174,178.0,0.4812270538962338,8.742753189482654,0.9396160465572885,13.37923307202399
2020-05-01 17:00:02,197.0,0.0801179521411871,204.0,0.4790369917203577,10.59486226874701,0.9427084105177826,15.407684932659485
2020-05-01 17:15:04,201.0,0.0801179521411871,197.0,0.4976548699007859,8.740246019734908,0.9394019677132294,14.826803492445343
2020-05-01 17:29:59,182.0,0.0801179521411871,184.0,0.4741417879127589,10.94114866253349,0.9354824661313875,13.79060485887989
2020-05-01 17:45:03,198.0,0.0801179521411871,194.0,0.4988853593766351,9.671628004119254,0.9497769395785143,14.762271577651184
2020-05-01 17:59:57,213.0,0.0800774022394714,217.0,0.490539360515415,10.941902720475843,0.9353817323827154,16.25393781322775
2020-05-01 18:15:02,245.0,0.0800774022394714,246.0,0.49356241431249,10.012113799362615,0.949212526013303,18.698576421052746
2020-05-01 18:29:57,267.0,0.0800774022394714,265.0,0.4793114433312716,10.348158948495755,0.9463589179257438,20.082220389417433
2020-05-01 18:45:03,254.0,0.0800774022394714,256.0,0.4864374208035447,8.597969480635802,0.9363781128069864,19.195578057595437
2020-05-01 19:00:01,257.0,0.0800374402689467,258.0,0.4931506013910966,9.207017406441024,0.9468984314990475,19.553130276180998
2020-05-01 19:15:00,275.0,0.0800374402689467,270.0,0.4978959963500229,8.800491403032922,0.9406088529174208,20.326659718091545
2020-05-01 19:29:57,264.0,0.0800374402689467,268.0,0.4962715816961857,9.240350493805362,0.9472162419548674,20.317820587780016
2020-05-01 19:44:58,262.0,0.0800374402689467,263.0,0.4909026164631859,8.79681929738561,0.9406299563795782,19.80011646856397
2020-05-01 19:59:58,262.0,0.0800077263050935,260.0,0.5161898981581307,9.29495794848494,0.9473312011221195,19.706392019510044
2020-05-01 20:15:03,261.0,0.0800077263050935,264.0,0.5045453952819389,9.535657486286675,0.9492653335150962,20.050420102624326
2020-05-01 20:30:02,258.0,0.0800077263050935,254.0,0.4895749613108068,8.660368740871961,0.9377848675626835,19.057628894321436
2020-05-01 20:45:04,254.0,0.0800077263050935,254.0,0.4979003625932827,10.23118029842505,0.9474809611646693,19.254672544718044
2020-05-01 21:00:02,264.0,0.079933633823317,264.0,0.5052922281454836,9.916503635516438,0.9494369207664848,20.03547299500186
2020-05-01 21:14:58,258.0,0.079933633823317,261.0,0.5113342756736461,9.163473727348613,0.9460552714089386,19.73724690241085
2020-05-01 21:30:03,263.0,0.079933633823317,263.0,0.5157528212920056,9.80812013366675,0.9494325419172225,19.959488997280264
2020-05-01 21:44:55,269.0,0.079933633823317,265.0,0.5015812041314134,8.734851276896105,0.9392238356969559,19.895027152593904
2020-05-01 22:00:02,269.0,0.0801452522988266,272.0,0.5070572357410268,9.939866238890449,0.9493139047427073,20.694576654537673
2020-05-01 22:14:58,262.0,0.0801452522988266,262.0,0.5249833060301264,10.823240493940535,0.9373669608823104,19.68288403304224
2020-05-01 22:29:55,262.0,0.0801452522988266,263.0,0.5205987060435208,9.296422381128309,0.9472140323925734,19.96556810066512
2020-05-01 22:45:04,242.0,0.0801452522988266,245.0,0.5307917748302056,10.168525949909204,0.9471742305230934,18.598321830673967
2020-05-01 22:59:55,271.0,0.0800810476647659,267.0,0.5200933424862498,8.829494656010981,0.9406491649297061,20.112621553552994
2020-05-01 23:14:56,264.0,0.0800810476647659,263.0,0.5169453349381873,10.290818010296414,0.9464336117080403,19.933136929901494
2020-05-01 23:29:57,257.0,0.0800810476647659,259.0,0.5221435840088694,9.223515232368003,0.9464321863642353,19.62994178617506
2020-05-01 23:45:01,262.0,0.0800810476647659,263.0,0.5163614531535553,8.957978405017792,0.9430162244550784,19.861162258658727
2020-05-02 00:00:02,249.0,0.0801310669542933,246.0,0.5284925497762228,9.966282337025207,0.948576923949459,18.698578327055753
2020-05-02 00:14:58,243.0,0.0801310669542933,242.0,0.5215470995072676,8.550268865468734,0.9345315235741112,18.12217195691239
2020-05-02 00:30:03,236.0,0.0801310669542933,239.0,0.5011171056889058,10.572350073043408,0.9428657356209492,18.057128136198358
2020-05-02 00:44:57,249.0,0.0801310669542933,242.0,0.518017628061326,8.511738690481367,0.9336761419511828,18.105584637524586
2020-05-02 01:00:04,241.0,0.0801093642638115,241.0,0.4970409597522331,10.194541341990575,0.9478420398044604,18.29937659873116
2020-05-02 01:15:01,220.0,0.0801093642638115,224.0,0.5230257170507876,9.175019932980412,0.9458556253769842,16.972903994883215
2020-05-02 01:30:00,245.0,0.0801093642638115,247.0,0.5108947627961247,10.337985055306486,0.9460485516618088,18.719474964972804
2020-05-02 01:44:56,221.0,0.0801093642638115,237.0,0.5105258543557228,10.905471362793595,0.9359099162992378,17.769110171494166
2020-05-02 01:59:58,241.0,0.0801532297508151,239.0,0.5193025608393345,9.121882858799895,0.9453174607947813,18.109089181787358
2020-05-02 02:14:55,240.0,0.0801532297508151,239.0,0.5166551296039162,9.940393336044592,0.949069972460039,18.180974628973235
2020-05-02 02:29:55,246.0,0.0801532297508151,246.0,0.5047271229704832,9.980104828179599,0.9491897989133534,18.71583449524027
2020-05-02 02:45:03,235.0,0.0801532297508151,240.0,0.5170751592407903,9.930629764477183,0.9490951029479324,18.257529082070192
2020-05-02 03:00:01,234.0,0.0801792438212357,234.0,0.5044117856051323,9.057704081601546,0.9448235728807906,17.726726070626032
2020-05-02 03:15:02,236.0,0.0801792438212357,232.0,0.4921685277938283,10.881872528792464,0.9367942606492756,17.42585766090434
2020-05-02 03:30:03,247.0,0.0801792438212357,246.0,0.4999843040761881,9.61781344654407,0.9496423612801186,18.730835181300947
2020-05-02 03:44:56,243.0,0.0801792438212357,247.0,0.5093919930810485,10.61602168117782,0.9419383017713644,18.654403488284867
2020-05-02 03:59:55,231.0,0.080148006711669,233.0,0.5082974633060174,10.24869818829376,0.947105144083141,17.68670134059921
2020-05-02 04:15:03,243.0,0.080148006711669,242.0,0.4877686684167599,9.243592377137833,0.9473489812449994,18.374608066722313
2020-05-02 04:30:04,245.0,0.080148006711669,243.0,0.4923016679027424,10.534494549256193,0.9436204743293429,18.377919926685397
2020-05-02 04:45:00,235.0,0.080148006711669,236.0,0.5005290287841762,9.491264352117462,0.9491255568575002,17.952643074290634
2020-05-02 04:59:57,247.0,0.0801726831981551,252.0,0.5047588607695664,10.702757992777904,0.9404219114339675,18.999829290455736
2020-05-02 05:14:57,243.0,0.0801726831981551,237.0,0.4853532040334512,9.953182181589646,0.9495749198059399,18.04280270478809
2020-05-02 05:29:57,246.0,0.0801726831981551,248.0,0.4908224927801944,10.704338404637133,0.9406081756218324,18.701948156875503
2020-05-02 05:45:02,229.0,0.0801726831981551,225.0,0.5080520352742133,10.231328975194415,0.9472853003482662,17.087940963695416
2020-05-02 06:00:02,219.0,0.0802948801849961,218.0,0.491075980162549,10.3131356995491,0.9466940728823456,16.571201799557592
2020-05-02 06:15:02,174.0,0.0802948801849961,167.0,0.5043591866432899,9.753310954816756,0.9497401819544431,12.735298777523703
2020-05-02 06:30:01,146.0,0.0802948801849961,147.0,0.4845467251754385,10.89020908680806,0.9366696026632466,11.055836707259674
2020-05-02 06:44:55,133.0,0.0802948801849961,131.0,0.4908269785137564,10.109975498074093,0.9486202850794893,9.978185129228391
2020-05-02 06:59:58,125.0,0.0803876934269425,125.0,0.497745623276596,9.55963762139545,0.9494864337848516,9.5408780440172
2020-05-02 07:14:57,107.0,0.0803876934269425,107.0,0.5012768269154729,10.015983035319811,0.9490733084204325,8.163438114798549
2020-05-02 07:29:59,89.0,0.0803876934269425,90.0,0.4802856758193673,8.547982995773333,0.9352063976592131,6.76611766673497
2020-05-02 07:44:56,108.0,0.0803876934269425,106.0,0.530696759626276,9.253937041686374,0.9464505184833701,8.064795257102865
2020-05-02 08:00:00,98.0,0.0802172703163285,100.0,0.4985184129862355,10.150433843731712,0.9482012837149014,7.6062118690047935
2020-05-02 08:15:01,93.0,0.0802172703163285,90.0,0.510215773885208,9.22519401802611,0.9467861424169639,6.835373992621394
2020-05-02 08:29:58,93.0,0.0802172703163285,97.0,0.4723711446824011,10.045038572497104,0.9491398173826445,7.385328314000503
2020-05-02 08:44:58,85.0,0.0802172703163285,81.0,0.4843634587342654,9.571921752364416,0.9496797577266479,6.170638144999814
2020-05-02 08:59:55,86.0,0.0804921951747207,89.0,0.5109713125481826,8.838685160556125,0.941074650152937,6.741675632854206
2020-05-02 09:14:59,87.0,0.0804921951747207,85.0,0.5230553107734388,9.245705814890076,0.94663711517291,6.476736451901258
2020-05-02 09:30:01,68.0,0.0804921951747207,72.0,0.4949821406059966,9.924912276753162,0.9495846852553982,5.5032592190762335
2020-05-02 09:45:03,103.0,0.0804921951747207,98.0,0.5053571679987527,9.977181903120433,0.9491905656325773,7.4874383621562925
2020-05-02 09:59:59,91.0,0.0802417430610236,95.0,0.4924003573421579,9.935813122123946,0.9495773508929,7.238595471656974
2020-05-02 10:15:01,91.0,0.0802417430610236,84.0,0.4861526024150446,10.133002049642833,0.9484879306943876,6.393099285825924
2020-05-02 10:30:04,74.0,0.0802417430610236,82.0,0.4419219669771257,10.130258175004222,0.9481778609673169,6.238842432263013
2020-05-02 10:45:03,77.0,0.0802417430610236,73.0,0.517859951735647,9.578546088584934,0.9491054495585406,5.55952492035444
2020-05-02 11:00:00,72.0,0.0802385701283501,74.0,0.4922455966923053,10.741366489627659,0.9398531506646755,5.580522997556918
2020-05-02 11:14:55,81.0,0.0802385701283501,77.0,0.4461479960017593,9.418904675119741,0.9486260295561805,5.860962507255386
2020-05-02 11:29:57,65.0,0.0802385701283501,69.0,0.4933344948098315,9.589662313164068,0.9496563836379632,5.257735853209534
2020-05-02 11:44:58,93.0,0.0802385701283501,91.0,0.4804053768724315,10.72980838753918,0.9401785151080906,6.864910754307842
2020-05-02 12:00:00,120.0,0.0802325965244436,126.0,0.499778546632547,10.515484972615214,0.9438151099968618,9.541316851170498
2020-05-02 12:14:58,199.0,0.0802325965244436,199.0,0.5115363154131722,10.259721458850915,0.9469138045826581,15.118697292074742
2020-05-02 12:30:04,227.0,0.0802325965244436,233.0,0.50796873598564,8.750567218280754,0.9394185223841923,17.561673034851296
2020-05-02 12:45:01,225.0,0.0802325965244436,227.0,0.4929055517386706,10.798706534361685,0.9386454373168137,17.095361067947213
2020-05-02 13:00:04,254.0,0.0802799760744456,247.0,0.4929997757528168,10.285603248872778,0.9469819296092444,18.777850603034732
2020-05-02 13:14:57,242.0,0.0802799760744456,249.0,0.4976244824510041,10.997117516419667,0.9339080473977505,18.668554809505082
2020-05-02 13:30:01,254.0,0.0802799760744456,253.0,0.4914103294917754,8.873620761644984,0.9420655163370997,19.13413626936196
2020-05-02 13:44:56,249.0,0.0802799760744456,245.0,0.4821937147694271,10.670315143420535,0.9413302517639922,18.514642671992462
2020-05-02 13:59:56,251.0,0.0802612086215068,251.0,0.5139090610003093,8.906232336690938,0.9422153584672177,18.98145920653362
2020-05-02 14:15:04,244.0,0.0802612086215068,246.0,0.5276544675636087,10.03889891070961,0.9482310833522901,18.72211850937455
2020-05-02 14:29:58,226.0,0.0802612086215068,225.0,0.4952551349686359,8.809549957123604,0.940823406671914,16.990115336750527
2020-05-02 14:44:55,231.0,0.0802612086215068,232.0,0.5099183261458039,10.620020573305586,0.9418546267097188,17.537898639031397
2020-05-02 14:59:57,263.0,0.0801682195847141,267.0,0.5089001409583085,10.518297396812526,0.9435878766069754,20.197417943843664
2020-05-02 15:15:03,241.0,0.0801682195847141,238.0,0.5245351101327453,9.922751846536483,0.9488900105179482,18.1048558085368
2020-05-02 15:29:55,255.0,0.0801682195847141,253.0,0.5117904088646001,9.517958243065,0.9490199901979814,19.248554470012174
2020-05-02 15:44:56,238.0,0.0801682195847141,238.0,0.5112350295362742,8.672917488637845,0.9376874782605182,17.8911110868482
2020-05-02 16:00:00,227.0,0.0801742943055754,226.0,0.5053505701449207,10.243571932861409,0.9472214399663779,17.16307517309386
2020-05-02 16:14:58,253.0,0.0801742943055754,255.0,0.5160478682784553,9.633856706695171,0.9493205839718545,19.408332511873542
2020-05-02 16:29:57,253.0,0.0801742943055754,253.0,0.5103225659053511,10.30513899867587,0.9464475850912072,19.1978341096716
2020-05-02 16:45:02,234.0,0.0801742943055754,232.0,0.5222095874016657,10.665955814821572,0.9406680763229077,17.49683661323357
2020-05-02 17:00:00,247.0,0.0802489833219066,251.0,0.4995257261045135,10.938803762507215,0.9353343104009904,18.839966496419795
2020-05-02 17:14:56,244.0,0.0802489833219066,244.0,0.5305157883203042,10.639508355981528,0.9408661088012752,18.422865876295127
2020-05-02 17:29:56,254.0,0.0802489833219066,250.0,0.5007106832289653,8.529285210462504,0.934525335210035,18.748677009792317
2020-05-02 17:45:01,237.0,0.0802489833219066,238.0,0.4945623937610908,9.399945161195909,0.9486473365924928,18.11846026163453
2020-05-02 18:00:03,245.0,0.080133305971405,246.0,0.5036989031838792,10.324976406060145,0.9463626271178087,18.65545082584857
2020-05-02 18:15:04,240.0,0.080133305971405,237.0,0.5284518279756919,8.929074193153602,0.9421461469270559,17.892856654372196
2020-05-02 18:30:03,245.0,0.080133305971405,251.0,0.501539795064639,9.802591515510324,0.9497658074378451,19.103076386197436
2020-05-02 18:44:55,249.0,0.080133305971405,248.0,0.5224873084254303,8.635844970848135,0.9365322188708006,18.61176086601947
2020-05-02 19:00:00,258.0,0.0804503884563856,255.0,0.5117865721247402,8.999991312241,0.9438029221539621,19.361974486957315
2020-05-02 19:14:59,250.0,0.0804503884563856,252.0,0.4901070728383216,8.546304486151534,0.9350965077149821,18.95767707704973
2020-05-02 19:30:03,246.0,0.0804503884563856,247.0,0.5031362609934757,10.484244258393552,0.9442349099794278,18.763124129575537
2020-05-02 19:44:56,253.0,0.0804503884563856,256.0,0.4987240214705319,9.05981172015095,0.9449567832147249,19.461667912735017
2020-05-02 20:00:01,250.0,0.0804408788460144,248.0,0.5020656436431661,9.363379201742257,0.9482514431857455,18.91698850530199
2020-05-02 20:14:55,249.0,0.0804408788460144,242.0,0.4936743612821171,10.820203233663978,0.9381686439377125,18.263040674237804
2020-05-02 20:30:01,246.0,0.0804408788460144,250.0,0.5012468723954753,10.261036004808831,0.947120899860355,19.046809389548738
2020-05-02 20:44:56,249.0,0.0804408788460144,249.0,0.4869926310250311,8.579597323828269,0.9359360404320456,18.746591891367142
2020-05-02 20:59:59,258.0,0.0805511153243308,259.0,0.5192821453252253,8.911735391244783,0.9421574763473539,19.65598540251247
2020-05-02 21:15:00,242.0,0.0805511153243308,241.0,0.494071061605616,10.053696003749408,0.9489646708764303,18.422079196838393
2020-05-02 21:30:02,253.0,0.0805511153243308,255.0,0.4945070658642632,9.943071471510418,0.9495225622737201,19.50370086127495
2020-05-02 21:44:56,245.0,0.0805511153243308,244.0,0.4928422373367669,9.094732053436271,0.945522256651996,18.58374085030033
2020-05-02 21:59:56,261.0,0.080669720853385,263.0,0.4862669911526117,10.835534994811985,0.9379054791121986,19.898730748139283
2020-05-02 22:14:59,238.0,0.080669720853385,236.0,0.4861356274735373,10.03491488991474,0.9491600044170113,18.070159533958243
2020-05-02 22:29:56,257.0,0.080669720853385,239.0,0.5175748751407689,9.839082007562396,0.949333889137591,18.303217460179685
2020-05-02 22:44:57,253.0,0.080669720853385,244.0,0.4873952574181583,9.974774940886427,0.9494642602156146,18.688696106973676
2020-05-02 22:59:58,236.0,0.080550510505392,243.0,0.4769939540421541,10.325305073791924,0.9466389743177096,18.5292973928789
2020-05-02 23:15:01,257.0,0.080550510505392,252.0,0.4864979717751943,9.279862488699004,0.9477228020749728,19.23756799223439
2020-05-02 23:29:58,257.0,0.080550510505392,261.0,0.4956728646301689,9.49555265554023,0.9492248343722032,19.956202243193133
2020-05-02 23:44:58,248.0,0.080550510505392,250.0,0.4960633534237527,9.024609372437805,0.9444864251942474,19.01971592870234
2020-05-03 00:00:02,37.0,0.080727092142879,19.0,0.4828311258396704,8.96548251470084,0.9437014806145451,1.4474632512378927
2020-05-03 00:14:59,0.0,0.080727092142879,0.0,,10.860930974959834,,
2020-05-03 00:29:55,0.0,0.080727092142879,0.0,,10.34887698762322,,
2020-05-03 00:44:59,0.0,0.080727092142879,0.0,,9.726147021543918,,
2020-05-03 01:00:02,0.0,0.0806971984474386,0.0,,9.068536569933308,,
2020-05-03 01:14:55,0.0,0.0806971984474386,0.0,,9.135891204425983,,
2020-05-03 01:30:01,0.0,0.0806971984474386,0.0,,8.645072900809689,,
2020-05-03 01:45:04,0.0,0.0806971984474386,0.0,,9.586041563895302,,
2020-05-03 02:00:02,0.0,0.0806819714515184,0.0,,9.279489704985256,,
2020-05-03 02:15:03,0.0,0.0806819714515184,0.0,,10.240858722038649,,
2020-05-03 02:29:56,0.0,0.0806819714515184,0.0,,9.444379598231203,,
2020-05-03 02:45:01,0.0,0.0806819714515184,0.0,,8.949009193899087,,
2020-05-03 03:00:01,0.0,0.0808701344181736,0.0,,8.561696820978328,,
2020-05-03 03:14:57,0.0,0.0808701344181736,0.0,,8.66812407865812,,
2020-05-03 03:29:56,0.0,0.0808701344181736,0.0,,10.198481933746418,,
2020-05-03 03:45:00,0.0,0.0808701344181736,0.0,,9.634242111390114,,
2020-05-03 03:59:59,0.0,0.0806484367693831,0.0,,9.841448027771806,,
2020-05-03 04:14:59,0.0,0.0806484367693831,0.0,,10.741678232600854,,
2020-05-03 04:30:00,0.0,0.0806484367693831,0.0,,10.975847368491761,,
2020-05-03 04:45:04,0.0,0.0806484367693831,0.0,,9.042242460996185,,
2020-05-03 05:00:00,0.0,0.080948994092795,0.0,,10.157695507750251,,
2020-05-03 05:14:56,0.0,0.080948994092795,0.0,,9.158305941842876,,
2020-05-03 05:30:01,0.0,0.080948994092795,0.0,,8.551627498664322,,
2020-05-03 05:44:59,0.0,0.080948994092795,0.0,,10.395946634590354,,
2020-05-03 06:00:02,0.0,0.080999143156742,0.0,,9.30004287705617,,
2020-05-03 06:14:57,0.0,0.080999143156742,0.0,,9.458659735429745,,
2020-05-03 06:29:56,0.0,0.080999143156742,0.0,,9.970792783884015,,
2020-05-03 06:44:57,0.0,0.080999143156742,0.0,,10.577621138090477,,
2020-05-03 06:59:55,0.0,0.081065012482026,0.0,,10.072454608977871,,
2020-05-03 07:14:58,0.0,0.081065012482026,0.0,,10.68162663861849,,
2020-05-03 07:29:56,0.0,0.081065012482026,0.0,,9.18385508703909,,
2020-05-03 07:44:59,0.0,0.081065012482026,0.0,,10.495117084781409,,
2020-05-03 07:59:57,0.0,0.0809526209464326,0.0,,8.964089860764881,,
2020-05-03 08:15:04,0.0,0.0809526209464326,0.0,,10.881979142429861,,
2020-05-03 08:29:58,0.0,0.0809526209464326,0.0,,10.218720690969539,,
2020-05-03 08:44:57,0.0,0.0809526209464326,0.0,,9.038769192783896,,
2020-05-03 08:59:59,0.0,0.0811088816515544,0.0,,10.86842647622231,,
2020-05-03 09:14:55,0.0,0.0811088816515544,0.0,,10.327139516925394,,
2020-05-03 09:30:03,0.0,0.0811088816515544,0.0,,9.134854106487564,,
2020-05-03 09:44:59,0.0,0.0811088816515544,0.0,,9.033279943418705,,
2020-05-03 09:59:59,0.0,0.0810217835951199,0.0,,9.795501784826659,,
2020-05-03 10:14:58,0.0,0.0810217835951199,0.0,,8.564156795136329,,
2020-05-03 10:29:56,0.0,0.0810217835951199,0.0,,9.018675188602774,,
2020-05-03 10:45:04,0.0,0.0810217835951199,0.0,,9.561713671878765,,
2020-05-03 11:00:03,0.0,0.0811089663922717,0.0,,9.435424950835564,,
2020-05-03 11:14:56,0.0,0.0811089663922717,0.0,,9.658938560912027,,
2020-05-03 11:30:04,0.0,0.0811089663922717,0.0,,9.19407176573683,,
2020-05-03 11:45:00,0.0,0.0811089663922717,0.0,,9.966960866145422,,
2020-05-03 12:00:01,227.0,0.0811082134938232,243.0,0.4524958664854296,10.659639014808079,0.9413751814358752,18.553841984066068
2020-05-03 12:14:57,262.0,0.0811082134938232,264.0,0.4655149996327458,8.793829639905082,0.9406271115057848,20.14124232861561
2020-05-03 12:29:56,265.0,0.0811082134938232,264.0,0.4476746550616767,9.793447767885285,0.9497603479141029,20.336808377578404
2020-05-03 12:45:01,273.0,0.0811082134938232,274.0,0.4567868374103169,8.830170265862883,0.9412436962108319,20.91787093738346
2020-05-03 12:59:57,261.0,0.0809528686560913,261.0,0.4563028990135339,10.292149202981484,0.9469008222537374,20.006782190399683
2020-05-03 13:14:56,280.0,0.0809528686560913,279.0,0.4577813466982489,9.490149257018235,0.9492410794826489,21.439416972060734
2020-05-03 13:29:58,274.0,0.0809528686560913,277.0,0.4542369822372463,9.913553279646273,0.9496132399745425,21.294074701459213
2020-05-03 13:44:55,276.0,0.0809528686560913,275.0,0.4610197051316783,8.958199590535196,0.9435378799710097,21.005076969068497
2020-05-03 14:00:01,271.0,0.0810487921035344,268.0,0.4516890178821385,8.862119398358443,0.94176368675612,20.456120881292705
2020-05-03 14:14:57,260.0,0.0810487921035344,263.0,0.4653755769986374,9.720140701622386,0.949994171542305,20.24991646864114
2020-05-03 14:30:01,276.0,0.0810487921035344,271.0,0.4684698741146798,9.389031844624888,0.9486840056369242,20.837106733844955
2020-05-03 14:44:59,264.0,0.0810487921035344,267.0,0.4766107733397067,10.851079863132032,0.9375993678135904,20.289676095633833
2020-05-03 15:00:04,271.0,0.081189196787743,269.0,0.4467407769996072,10.413313134517413,0.9452492681611274,20.64414375962883
2020-05-03 15:15:00,261.0,0.081189196787743,262.0,0.4500405351860305,10.371659049626368,0.945858277608911,20.119890144535646
2020-05-03 15:29:59,259.0,0.081189196787743,261.0,0.4380366927792254,10.759299349364834,0.9391197415451626,19.90030452843035
2020-05-03 15:45:02,280.0,0.081189196787743,282.0,0.444875909308,8.708556088605047,0.9386004958388137,21.489590142008026
2020-05-03 16:00:03,240.0,0.0811918418963273,255.0,0.4618748705458065,9.880481174806016,0.9498014684334706,19.664613317777214
2020-05-03 16:14:58,270.0,0.0811918418963273,269.0,0.4571773400020301,9.961190172389422,0.9494689336705485,20.736976386426434
2020-05-03 16:29:55,270.0,0.0811918418963273,277.0,0.4497371890923203,10.904840946368072,0.936138147267464,21.053878183558815
2020-05-03 16:44:56,271.0,0.0811918418963273,263.0,0.4463038668913338,9.230368816981372,0.9469840329028972,20.221380381860993
2020-05-03 17:00:04,265.0,0.0813237126984882,266.0,0.4413195480614195,9.102071949788616,0.9453413774216535,20.44972637412882
2020-05-03 17:14:58,263.0,0.0813237126984882,269.0,0.4624156575961786,8.750734855663744,0.9397394217860711,20.55781356342017
2020-05-03 17:30:00,273.0,0.0813237126984882,270.0,0.4581245655776982,8.541074073978686,0.9349477452873718,20.529023892979378
2020-05-03 17:44:58,275.0,0.0813237126984882,268.0,0.4583344910859092,10.823823291980476,0.9381133093437636,20.445949742383657
2020-05-03 17:59:57,240.0,0.0812793769229222,242.0,0.4698280723197536,10.174791366477276,0.9481750796371441,18.650233284193305
2020-05-03 18:15:00,237.0,0.0812793769229222,237.0,0.451865474482881,10.462882280057844,0.9446396472569707,18.196794101139336
2020-05-03 18:30:04,226.0,0.0812793769229222,224.0,0.4763301490046531,9.204325264384872,0.9469803980844433,17.24127478405346
2020-05-03 18:45:03,214.0,0.0812793769229222,214.0,0.4608166213694594,9.966025415465817,0.9494875691100071,16.51518421485078
2020-05-03 18:59:58,212.0,0.0812565679188175,216.0,0.4466604202996889,8.659888165302453,0.9375721725282379,16.455721733820152
2020-05-03 19:15:00,209.0,0.0812565679188175,207.0,0.467025188657125,9.714068989836557,0.95,15.979104081235459
2020-05-03 19:30:01,208.0,0.0812565679188175,209.0,0.466665284407329,10.943737849361117,0.9353956352253043,15.88547114361193
2020-05-03 19:45:03,189.0,0.0812565679188175,186.0,0.4709240508748252,10.691263113291477,0.9409422992638801,14.22113998369522
2020-05-03 20:00:04,202.0,0.081228292409988,202.0,0.468808129867981,9.345397379592114,0.9483428560714584,15.560518705214907
2020-05-03 20:14:59,215.0,0.0812282924099879,214.0,0.467046081472673,10.903925386353746,0.936356391404298,16.276546982843172
2020-05-03 20:30:02,195.0,0.081228292409988,199.0,0.4575174892954743,9.079254066178011,0.9453160966053106,15.280496050670001
2020-05-03 20:44:56,207.0,0.081228292409988,203.0,0.4648440708989399,10.873297056039203,0.9370581224311363,15.451473128320105
2020-05-03 20:59:56,197.0,0.0813241006235705,199.0,0.4894571400255906,10.853444261766246,0.9374753376269734,15.17162839916905
2020-05-03 21:15:04,192.0,0.0813241006235705,194.0,0.4756356391988909,10.498006468380979,0.9442962006268181,14.89804361221675
2020-05-03 21:30:02,207.0,0.0813241006235705,203.0,0.4631289977879607,10.076119842166978,0.9488959859185601,15.665126865949052
2020-05-03 21:44:58,195.0,0.0813241006235705,192.0,0.4580445278244328,10.685719916562368,0.940956405323987,14.692307210680532
2020-05-03 21:59:58,193.0,0.0814549073961395,196.0,0.4647536031710511,9.232550711269491,0.9472528771486945,15.12304549621923
2020-05-03 22:15:03,207.0,0.0814549073961395,206.0,0.4650234398686482,10.622358888282296,0.9421956654846048,15.809770900305057
2020-05-03 22:29:58,199.0,0.0814549073961395,202.0,0.4710651697239528,10.04469172979381,0.9491389846585156,15.617029676487903
2020-05-03 22:45:03,168.0,0.0814549073961395,182.0,0.4561994636381902,8.533092144397248,0.9347256701147253,13.85711470779807
2020-05-03 22:59:57,193.0,0.0815958306951292,187.0,0.4837634834935681,9.368083794830548,0.9485127169917652,14.472805733685531
2020-05-03 23:15:01,193.0,0.0815958306951292,194.0,0.4403536803769975,8.870352152370412,0.9416883300198653,14.906541259512698
2020-05-03 23:30:00,191.0,0.0815958306951292,196.0,0.4571158708037431,10.954573474545633,0.9350434989701857,14.953947602772287
2020-05-03 23:45:01,187.0,0.0815958306951292,185.0,0.4504047599596327,9.69592576759997,0.9497981804157206,14.33742073189244
2020-05-04 00:00:02,205.0,0.0815669753127928,203.0,0.4366605364594652,9.743478413746656,0.9495320095304951,15.722442157956328
2020-05-04 00:15:04,202.0,0.0815669753127928,201.0,0.4357571733784504,10.098681290996808,0.9482615149185509,15.546711539064022
2020-05-04 00:30:01,214.0,0.0815669753127928,233.0,0.4528464390981644,9.421461515324044,0.9487601349307917,18.031286219353213
2020-05-04 00:45:01,224.0,0.0815669753127928,223.0,0.4376526629730395,8.842250679213997,0.9411066808113671,17.11819926429927
2020-05-04 01:00:04,243.0,0.0817146286527102,242.0,0.416539925855922,10.555294332985614,0.9422152497368866,18.632250156847213
2020-05-04 01:14:58,251.0,0.0817146286527102,248.0,0.4380404777137127,8.974619779756894,0.9434016206151151,19.11824884853442
2020-05-04 01:30:03,228.0,0.0817146286527102,229.0,0.4268785590955998,9.77829745636614,0.9492350824537346,17.762703829104453
2020-05-04 01:44:56,225.0,0.0817146286527102,226.0,0.4361672367821164,9.060792572436847,0.9446475279265051,17.4452839612006
2020-05-04 01:59:57,230.0,0.0817155300165665,231.0,0.4222368915708284,8.744611211235085,0.9387158742762911,17.71947066153535
2020-05-04 02:14:57,242.0,0.0817155300165665,238.0,0.4295904435850334,10.655478793554208,0.9409208008545294,18.299306383014745
2020-05-04 02:30:02,234.0,0.0817155300165665,239.0,0.4382582885868969,10.932298722557826,0.9352366280729106,18.265182264178364
2020-05-04 02:44:57,236.0,0.0817155300165665,238.0,0.4399867722625316,10.9020866451575,0.9360023864694317,18.203651603494734
2020-05-04 02:59:56,228.0,0.0818517338429263,227.0,0.4331141664786864,10.766388748052947,0.9388397516144341,17.44396515375894
2020-05-04 03:15:03,249.0,0.0818517338429263,243.0,0.4307689394498916,10.435118331746597,0.9445518654080797,18.78710951683787
2020-05-04 03:30:02,247.0,0.0818517338429263,247.0,0.4212651847206936,9.332862880071605,0.9472631575563415,19.15117756732337
2020-05-04 03:44:59,226.0,0.0818517338429263,230.0,0.4345121804808922,8.702753474969992,0.9382259977282585,17.6629476696305
2020-05-04 04:00:02,261.0,0.0817918811628569,262.0,0.4210674053067139,9.518102928534518,0.94848898551222,20.32561897747108
2020-05-04 04:15:04,241.0,0.0817918811628569,234.0,0.4224921604423961,9.080585355427356,0.9444962917750063,18.076998058615157
2020-05-04 04:30:02,243.0,0.0817918811628569,247.0,0.4323316229722319,8.831219086894958,0.9407544548968989,19.00568091485378
2020-05-04 04:44:57,233.0,0.0817918811628569,235.0,0.4452235796477007,8.633567954467063,0.9369479611106266,18.00916302837124
2020-05-04 04:59:56,251.0,0.0818154749113906,248.0,0.4202593284421205,10.313985910526448,0.9457481330957704,19.189454498636294
2020-05-04 05:15:01,229.0,0.0818154749113906,234.0,0.4180749830943123,8.528568646562578,0.9336255276698237,17.8740937289548
2020-05-04 05:29:57,235.0,0.0818154749113906,231.0,0.4157543371006217,10.42645187125694,0.9441417214091069,17.843688167091848
2020-05-04 05:44:58,236.0,0.0818154749113906,234.0,0.4297924003677408,8.867366613500938,0.9413460366761631,18.02190149290805
2020-05-04 06:00:01,254.0,0.0816943288069785,260.0,0.4311024497445535,8.69880520646689,0.9380426501102842,19.92451882020055
2020-05-04 06:15:02,253.0,0.0816943288069785,252.0,0.4080041002695253,8.724007585596514,0.9377038598698317,19.304482037848288
2020-05-04 06:30:02,249.0,0.0816943288069785,250.0,0.4206642826386257,10.180119518384785,0.9471281402824974,19.343749428645097
2020-05-04 06:45:00,265.0,0.0816943288069785,263.0,0.4073125089355262,9.113418024632113,0.9443123099985021,20.289124571917196
2020-05-04 06:59:59,250.0,0.0817620958790947,238.0,0.3848582034945921,9.551348666700246,0.9468522544602288,18.42515670537838
2020-05-04 07:14:59,270.0,0.0817620958790947,268.0,0.4054414867482872,9.893421978309792,0.9481698479066385,20.77652687580807
2020-05-04 07:29:56,253.0,0.0817620958790947,252.0,0.4010557613166925,10.651377934571984,0.9398324394791396,19.364352846798177
2020-05-04 07:45:00,262.0,0.0817620958790947,258.0,0.4148606763067961,10.31761065677832,0.9454940287103692,19.944837944560415
2020-05-04 07:59:58,248.0,0.081804448278268,268.0,0.3948663280454084,9.175819763096786,0.9444582260109949,20.705916938987915
2020-05-04 08:14:58,261.0,0.081804448278268,260.0,0.3933653281109271,8.828706998227819,0.9390510907199567,19.97282465917748
2020-05-04 08:30:00,238.0,0.081804448278268,236.0,0.3902022463760976,8.638435801052994,0.934903960013792,18.049115423534698
2020-05-04 08:44:58,256.0,0.081804448278268,258.0,0.3867922183566857,9.253996586202357,0.9448516305155036,19.941611115498816
2020-05-04 08:59:55,255.0,0.0818767860808748,250.0,0.4111402642047466,9.155295373099195,0.9450133140368593,19.34366323924362
2020-05-04 09:15:01,265.0,0.0818767860808748,267.0,0.4053383039851848,9.640351417001199,0.9482525994581466,20.729846688136988
2020-05-04 09:29:59,253.0,0.0818767860808748,252.0,0.3880604259949454,10.2082033388692,0.9452975128365431,19.504276404807758
2020-05-04 09:44:56,261.0,0.0818767860808748,262.0,0.4011789915992191,10.239063614097143,0.9457186991956528,20.28729079820212
2020-05-04 10:00:00,255.0,0.082002749432147,258.0,0.3939963865362402,9.208797116455417,0.9447875589515785,19.988595785535555
2020-05-04 10:14:56,260.0,0.082002749432147,255.0,0.4030561424871751,9.4498173897503,0.947341218002463,19.809569054283234
2020-05-04 10:29:57,251.0,0.082002749432147,255.0,0.4010934433871118,8.952877404342258,0.9416505401421886,19.690572990461074
2020-05-04 10:45:03,251.0,0.082002749432147,251.0,0.401823987511956,10.471363780766296,0.9428671689853816,19.406742751732615
2020-05-04 10:59:58,266.0,0.0820114284944854,265.0,0.4042823715652491,8.642120191083102,0.9357364432918471,20.336386838309053
2020-05-04 11:14:56,262.0,0.0820114284944854,260.0,0.3857951996326501,10.242493104312468,0.9448267462893214,20.146513697175834
2020-05-04 11:30:00,266.0,0.0820114284944854,275.0,0.4132957010555111,10.446738489852759,0.9437543360165122,21.284626342259152
2020-05-04 11:45:02,266.0,0.0820114284944854,258.0,0.4061234021008734,10.443518904621882,0.94348004890566,19.96304581423443
2020-05-04 12:00:03,262.0,0.0818596626729773,265.0,0.3819622339536009,9.148556410863387,0.9433655120407781,20.46424938713933
2020-05-04 12:14:57,283.0,0.0818596626729773,284.0,0.374804686631755,9.434532844831404,0.9455820660960966,21.983028224709123
2020-05-04 12:29:56,277.0,0.0818596626729773,277.0,0.3808717742995197,9.968999087990973,0.946513952097102,21.462323655000095
2020-05-04 12:45:02,258.0,0.0818596626729773,259.0,0.3891926097961742,9.182054756061168,0.9442093801757531,20.018799290646662
2020-05-04 13:00:04,280.0,0.0817061929799984,278.0,0.3845183483750791,9.427131998044722,0.9461668380612129,21.49153789280941
2020-05-04 13:15:02,244.0,0.0817061929799984,241.0,0.3989669340983907,8.992635700464099,0.9421754209107538,18.552557589628808
2020-05-04 13:29:58,272.0,0.0817061929799984,276.0,0.4117257638473672,9.64963970939002,0.948562906666961,21.390956038000503
2020-05-04 13:45:01,270.0,0.0817061929799984,272.0,0.3942556703957082,8.611530753135286,0.9345124679694328,20.768684045634014
2020-05-04 13:59:57,269.0,0.0818875557803342,265.0,0.3864396992598985,10.499489711426545,0.9415921945310739,20.43274108827751
2020-05-04 14:14:59,263.0,0.0818875557803342,262.0,0.3780328431260441,8.692391117466581,0.9353481282327539,20.067463470468997
2020-05-04 14:30:04,268.0,0.0818875557803342,261.0,0.4034681389187786,9.797087872078816,0.9482628939175856,20.266892891845426
2020-05-04 14:45:00,270.0,0.0818875557803342,280.0,0.3944365989270134,9.267025248862991,0.9454235304227382,21.67715818338909
2020-05-04 15:00:03,261.0,0.0817758013470018,262.0,0.403570190119096,9.943857372078439,0.9479051773429779,20.309114835286795
2020-05-04 15:15:00,284.0,0.0817758013470018,283.0,0.3760243597774271,10.898583352083563,0.9331550301326146,21.59558860473269
2020-05-04 15:30:00,272.0,0.0817758013470018,252.0,0.4108911621186268,10.11392561114001,0.9472714766182274,19.520898791590533
2020-05-04 15:45:01,269.0,0.0817758013470018,266.0,0.3894340120822988,8.588406089388727,0.9336927908853704,20.31002466562755
2020-05-04 15:59:58,274.0,0.0818315611070252,273.0,0.3960491889156226,9.576006098770153,0.9475934454756432,21.16925290608947
2020-05-04 16:14:57,269.0,0.0818315611070252,269.0,0.3975200356888099,9.775042130795626,0.9479761796095711,20.867505710156006
2020-05-04 16:29:55,271.0,0.0818315611070252,275.0,0.3832375545604523,9.84044373675863,0.9470723127463688,21.312611604150945
2020-05-04 16:45:02,281.0,0.0818315611070252,282.0,0.39458033196679,10.203481276509596,0.9457147185803974,21.82378592289763
2020-05-04 16:59:58,248.0,0.0819260448580326,261.0,0.3924771471272814,9.193990244329415,0.9445359931068747,20.196727614879354
2020-05-04 17:14:56,277.0,0.0819260448580326,277.0,0.3906122236827382,8.8221514136658,0.9387704925885141,21.3040017159555
2020-05-04 17:30:02,284.0,0.0819260448580326,279.0,0.3805348788228209,9.481689191367735,0.9462457657968495,21.628686282455515
2020-05-04 17:45:00,268.0,0.0819260448580326,270.0,0.3982314625855255,10.891014306989872,0.9346670659876114,20.67486551336523
2020-05-04 18:00:00,268.0,0.0819609522163608,271.0,0.4033132762076455,8.967827229377113,0.9420031918726585,20.923226699715
2020-05-04 18:14:59,258.0,0.0819609522163608,258.0,0.3925341697496229,10.759959887320592,0.937248157662087,19.818979877973742
2020-05-04 18:29:56,282.0,0.0819609522163608,283.0,0.3927946472332382,9.859514875193316,0.9476016238768685,21.97957179036517
2020-05-04 18:44:55,267.0,0.0819609522163608,268.0,0.3802818041123022,9.642278554114414,0.94684875361792,20.798039620974965
2020-05-04 18:59:56,273.0,0.081860791303963,262.0,0.3832344667942733,10.705103525574724,0.9377998155408404,20.113487166039537
2020-05-04 19:14:56,251.0,0.081860791303963,259.0,0.3882334108098623,9.646509904421464,0.9473512897453,20.08568989133747
2020-05-04 19:29:56,256.0,0.081860791303963,245.0,0.3982901510694719,10.310419091528859,0.9448019572023385,18.94884778131852
2020-05-04 19:45:03,285.0,0.081860791303963,283.0,0.4013761344481718,9.497563304257755,0.9475282295107689,21.95101121411827
2020-05-04 20:00:00,250.0,0.0819467473821566,251.0,0.4069168281017768,10.760110982252394,0.937985304559746,19.293076045034113
2020-05-04 20:14:58,275.0,0.0819467473821566,269.0,0.3932617801642604,10.225062550478068,0.9454360879586218,20.840885899532363
2020-05-04 20:29:59,239.0,0.0819467473821566,242.0,0.4092931048516559,10.249055135626293,0.9460044999855641,18.760322011413493
2020-05-04 20:44:57,266.0,0.0819467473821566,269.0,0.4024697117836385,9.319301003892797,0.9463338650529459,20.860676206063207
2020-05-04 20:59:59,256.0,0.0819464615978327,252.0,0.3908590670279892,10.391946606842223,0.9433879045729631,19.48143977487494
2020-05-04 21:14:59,242.0,0.0819464615978327,243.0,0.3982765339963682,10.090152638617853,0.9468357788749368,18.85433155570605
2020-05-04 21:29:55,253.0,0.0819464615978327,252.0,0.3797866178614937,9.100050683449274,0.9426029236721988,19.465229520250585
2020-05-04 21:45:03,265.0,0.0819464615978327,265.0,0.3854103017716932,8.90134705621314,0.939904080117137,20.410780605845787
2020-05-04 22:00:01,272.0,0.0820014545161997,271.0,0.3716281254152355,10.49097868629333,0.9407503914556986,20.905726018169965
2020-05-04 22:14:57,260.0,0.0820014545161997,262.0,0.3791704925378712,10.897916507588057,0.9333802712072662,20.053097442198844
2020-05-04 22:29:58,259.0,0.0820014545161997,259.0,0.3838468817850257,9.645347068150107,0.9470819847635565,20.114483976845534
2020-05-04 22:45:02,257.0,0.0820014545161997,255.0,0.3721705455228357,9.977460413309213,0.9458892967201147,19.778896026300423
2020-05-04 22:59:59,272.0,0.0822351378640897,276.0,0.3728108698195382,10.644306610483886,0.9382618524712487,21.295633610202653
2020-05-04 23:15:01,267.0,0.0822351378640897,266.0,0.3833725736954605,9.643058633384642,0.9470473790687479,20.716232093890522
2020-05-04 23:30:02,266.0,0.0822351378640897,267.0,0.3923184396391973,10.879686192081842,0.9346085529242429,20.520996074048224
2020-05-04 23:45:04,253.0,0.0822351378640897,231.0,0.3916579958866498,9.939377905112181,0.9472924645495925,17.99506780298513
2020-05-04 23:59:56,249.0,0.0823357354482059,250.0,0.3741712944245771,10.551917801753287,0.9399635937029656,19.348148445518067
2020-05-05 00:14:56,234.0,0.0823357354482059,233.0,0.3891288924177111,10.772109296031847,0.9367989620463207,17.97176334117754
2020-05-05 00:29:59,243.0,0.0823357354482059,242.0,0.385419208665118,10.538809546921422,0.9409096725525095,18.747858550945832
2020-05-05 00:44:56,233.0,0.0823357354482059,235.0,0.3904432147659644,8.89853615862239,0.9401547139905708,18.19095750570516
2020-05-05 01:00:04,249.0,0.0823165886485661,248.0,0.3676238315780321,10.07224609765425,0.9450281366065977,19.292290110826826
2020-05-05 01:14:59,245.0,0.0823165886485661,249.0,0.3717960652591384,9.496085646549194,0.9457323098049114,19.38451492194942
2020-05-05 01:30:01,253.0,0.0823165886485661,249.0,0.3887968998905631,8.656782380058365,0.9352366773154809,19.16938772105192
2020-05-05 01:45:03,254.0,0.0823165886485661,254.0,0.3618329350389926,9.560080629724604,0.9452866180225181,19.764443501451478
2020-05-05 01:59:58,243.0,0.0822228953454238,242.0,0.3950799129955639,9.14671016722352,0.9441183652029821,18.786011219658132
2020-05-05 02:15:01,252.0,0.0822228953454238,258.0,0.3865780833294113,10.622595771071277,0.9395524643893094,19.93120277936244
2020-05-05 02:29:56,255.0,0.0822228953454238,251.0,0.39327280128468,8.58326156636674,0.933789495384817,19.27149786437416
2020-05-05 02:44:58,228.0,0.0822228953454238,230.0,0.383061038194156,10.897456804658685,0.9336408467031456,17.65633033459769
2020-05-05 02:59:56,238.0,0.0823092300231538,230.0,0.3910952501725819,9.388422121179824,0.9462872074479886,17.914279427935
2020-05-05 03:15:02,227.0,0.0823092300231538,233.0,0.3785838270454926,9.391767226006356,0.9455405911063433,18.13362529623699
2020-05-05 03:30:00,252.0,0.0823092300231538,251.0,0.3677229503545868,8.54082125670927,0.931104322650779,19.23625844702256
2020-05-05 03:44:56,241.0,0.0823092300231538,238.0,0.3684415620311229,8.96308081309046,0.9398017592302907,18.410337484042845
2020-05-05 03:59:56,257.0,0.0823215617347915,259.0,0.3554840969004132,9.503148752009022,0.9445265261782578,20.13851877234729
2020-05-05 04:15:04,244.0,0.0823215617347915,248.0,0.3581113227891667,10.823228543256786,0.9335502265957865,19.05912552758594
2020-05-05 04:29:59,254.0,0.0823215617347915,253.0,0.3630112590792399,8.749037325553179,0.9354710213442387,19.483387164978648
2020-05-05 04:45:01,247.0,0.0823215617347915,244.0,0.3602591457929153,10.863253833697698,0.9328227206810875,18.737107257912093
2020-05-05 05:00:03,251.0,0.0822910894606744,253.0,0.3588567081733699,10.67372132636658,0.936671772222026,19.50117437261243
2020-05-05 05:14:57,238.0,0.0822910894606744,238.0,0.3556557441836834,9.635405992268879,0.9450308419175389,18.50869297816917
2020-05-05 05:30:04,256.0,0.0822910894606744,256.0,0.3667858549558379,9.31675220442065,0.9441062516805708,19.889032196461525
2020-05-05 05:44:55,265.0,0.0822910894606744,262.0,0.3631661130724269,9.081860323197642,0.9411805109033377,20.292101640804127
2020-05-05 06:00:02,238.0,0.0823374170925816,238.0,0.3720402514243359,10.036161766192185,0.9455708933887848,18.529695879414657
2020-05-05 06:15:02,245.0,0.0823374170925816,249.0,0.3639751294029825,8.582686478688764,0.9318450513146939,19.104702949283258
2020-05-05 06:30:01,227.0,0.0823374170925816,224.0,0.3511731637506497,8.53901516111707,0.9297518844811751,17.147954589951418
2020-05-05 06:45:03,224.0,0.0823374170925816,223.0,0.366535819858055,9.571989306245595,0.9456879041751349,17.364006367421467
2020-05-05 06:59:58,217.0,0.0826157795366942,219.0,0.3624911563329403,8.6701851849368,0.9337482818174346,16.894172940353766
2020-05-05 07:14:55,223.0,0.0826157795366942,206.0,0.3663966008948841,9.129852470615232,0.9420581073756191,16.032746171398106
2020-05-05 07:29:57,208.0,0.0826157795366942,204.0,0.3621963635028123,9.05290228836521,0.9407005482942119,15.854208658016082
2020-05-05 07:44:59,224.0,0.0826157795366942,227.0,0.3566273673814145,9.13297798430713,0.9413396820035903,17.653679141723952
2020-05-05 07:59:56,224.0,0.0826513897982207,202.0,0.368960863132353,8.827638078038145,0.9374650271420765,15.6515230508649
2020-05-05 08:14:57,226.0,0.0826513897982207,232.0,0.3613272443244354,8.530090557244137,0.930353853848808,17.839649053738444
2020-05-05 08:29:58,230.0,0.0826513897982207,228.0,0.3644730157273438,8.78871074284687,0.9363806833535082,17.64564158793752
2020-05-05 08:45:02,226.0,0.0826513897982207,222.0,0.3655968935821121,10.04620064878187,0.9450431225483767,17.340226304527928
2020-05-05 08:59:57,220.0,0.0826048816987292,222.0,0.3388330841559853,10.935640532045126,0.92927799390667,17.041363522920218
2020-05-05 09:14:57,228.0,0.0826048816987292,226.0,0.3432956464056068,10.975862503902235,0.9286918458341743,17.337472493493653
2020-05-05 09:30:01,226.0,0.0826048816987292,227.0,0.3504838866745393,9.522635238432654,0.944204134903242,17.70506268593125
2020-05-05 09:44:56,222.0,0.0826048816987292,222.0,0.378361225190356,8.907386065116514,0.9395600325305762,17.229918464601415
2020-05-05 09:59:58,206.0,0.082742692813548,209.0,0.3496509904782593,10.096904393416324,0.9434288984075286,16.314926134262848
2020-05-05 10:15:02,223.0,0.082742692813548,219.0,0.3629110065362943,9.725763366371844,0.9457335618571007,17.137306608692825
2020-05-05 10:29:56,202.0,0.082742692813548,205.0,0.3633978605238186,10.97352444321108,0.9304227321221089,15.782064873697951
2020-05-05 10:44:59,223.0,0.082742692813548,223.0,0.3345518613290244,8.66326051787945,0.9311781699372418,17.181746207165176
2020-05-05 11:00:01,240.0,0.0827332115395515,233.0,0.3466025638468409,10.458086095784532,0.9392562766737799,18.105891357101477
2020-05-05 11:15:00,213.0,0.0827332115395515,220.0,0.3315671588849857,9.220996243328734,0.940131206452475,17.111616275240603
2020-05-05 11:29:59,229.0,0.0827332115395515,225.0,0.3406304090202406,9.103546550191435,0.9395760159797492,17.490181789696862
2020-05-05 11:45:01,208.0,0.0827332115395515,214.0,0.3598017532997703,10.15626142883169,0.9438051636550705,16.709982902954337
2020-05-05 12:00:00,237.0,0.0827410990850736,234.0,0.3552473871568905,9.115157962477412,0.9409985322250127,18.21906515373483
2020-05-05 12:15:01,260.0,0.0827410990850736,262.0,0.3447421358652823,10.16464779389797,0.9424707915857489,20.431040117662658
2020-05-05 12:30:02,255.0,0.0827410990850736,252.0,0.3399011756537391,9.793271293005722,0.9437758376242724,19.678440623932
2020-05-05 12:44:55,240.0,0.0827410990850736,237.0,0.3559350695815274,9.560222471089624,0.9448189025276373,18.527559000263068
2020-05-05 13:00:02,237.0,0.0826490957482792,253.0,0.3419284282705577,9.886719521653548,0.9437891896761488,19.734840745244917
2020-05-05 13:14:57,262.0,0.0826490957482792,259.0,0.3413492120023728,9.217628799799074,0.9410212040853562,20.1436088637814
2020-05-05 13:30:01,253.0,0.0826490957482792,251.0,0.3456852372223346,10.266436765682448,0.9415824357667133,19.53305515903384
2020-05-05 13:45:02,251.0,0.0826490957482792,251.0,0.3466778341743601,9.53714217333391,0.9439406363579863,19.581975848795743
2020-05-05 13:59:58,252.0,0.0825302899989123,254.0,0.3387885754424795,9.401363901214731,0.9424451944318021,19.75618990195263
2020-05-05 14:14:56,223.0,0.0825302899989123,227.0,0.3468861974653771,10.571642286389345,0.9374994944814588,17.563467869819185
2020-05-05 14:29:57,256.0,0.0825302899989123,250.0,0.3548597438930289,10.81241727988298,0.9335235435222431,19.26099219192574
2020-05-05 14:44:58,250.0,0.0825302899989123,258.0,0.3463439789992666,8.615018277218242,0.9311637710732737,19.827097744294782
2020-05-05 14:59:59,255.0,0.0824860456818978,250.0,0.3579346048651029,9.081567482074414,0.940767095580927,19.400039405528663
2020-05-05 15:14:56,265.0,0.0824860456818978,265.0,0.3372806033245667,9.371298423731409,0.9420796830300122,20.592733359156366
2020-05-05 15:29:56,245.0,0.0824860456818978,249.0,0.3640458729943929,10.537416198425618,0.9394668535988326,19.295733544842943
2020-05-05 15:45:04,258.0,0.0824860456818978,253.0,0.3413012462587068,10.963728569108245,0.9288144912758414,19.38340134301909
2020-05-05 16:00:00,249.0,0.0825649809771455,248.0,0.3460320573031727,10.92242926167588,0.9302500668624548,19.047907610472752
2020-05-05 16:14:58,255.0,0.0825649809771455,258.0,0.3292932753693862,10.762370863874818,0.9322648340181199,19.858886497882885
2020-05-05 16:30:00,232.0,0.0825649809771455,219.0,0.3486708952885012,9.241390662660075,0.9419256758006683,17.031646535456396
2020-05-05 16:45:01,227.0,0.0825649809771455,224.0,0.3509111765761043,10.980028108536185,0.9292529074156781,17.186119691716105
2020-05-05 16:59:59,238.0,0.0824420328956729,243.0,0.3379459281836339,9.123550102641127,0.9395880660016909,18.823156709703415
2020-05-05 17:14:56,253.0,0.0824420328956729,253.0,0.3369402633837716,8.76476538720558,0.9335626847764962,19.4720958088347
2020-05-05 17:29:55,258.0,0.0824420328956729,248.0,0.3392784059154866,10.877381527638486,0.9307014949589303,19.028772969337105
2020-05-05 17:45:04,229.0,0.0824420328956729,237.0,0.3396551782816394,9.083550638670241,0.9392168288095945,18.35113389316297
2020-05-05 18:00:01,246.0,0.0825789179547205,244.0,0.3351093524793106,10.224420662694376,0.9410360636030752,18.961176532845606
2020-05-05 18:15:03,225.0,0.0825789179547205,227.0,0.3451776724791101,8.645890897451471,0.9317697015314731,17.466409157949858
2020-05-05 18:29:57,216.0,0.0825789179547205,212.0,0.3376262088869773,10.32677274781869,0.9401711269573568,16.45932264355864
2020-05-05 18:44:58,207.0,0.0825789179547205,206.0,0.3586158741483929,10.7043005308346,0.9360636127188935,15.92361877667323
2020-05-05 19:00:01,204.0,0.0825052478177006,208.0,0.3483165966894848,9.181092238664906,0.9412286381757098,16.15251082552719
2020-05-05 19:14:59,198.0,0.0825052478177006,194.0,0.3569746018375592,9.447642240193572,0.9443349063178252,15.115041580919508
2020-05-05 19:30:01,203.0,0.0825052478177006,207.0,0.3348991218724533,9.43574045830229,0.942311497075401,16.093348222648604
2020-05-05 19:44:56,217.0,0.0825052478177006,218.0,0.3221584512574023,10.371970643850332,0.9380807174989927,16.872454891316853
2020-05-05 19:59:57,205.0,0.0826387145605553,199.0,0.3343788004852508,9.094518106347596,0.9388677137170213,15.43977737979243
2020-05-05 20:14:55,207.0,0.0826387145605553,208.0,0.3354087711943701,8.929632747619108,0.9364705101282526,16.096853589620185
2020-05-05 20:29:55,212.0,0.0826387145605553,219.0,0.3333012150897604,9.623229121719344,0.9430056413663206,17.066401511664377
2020-05-05 20:44:56,206.0,0.0826387145605553,204.0,0.3325927532737957,9.2611710184433,0.9406508316328849,15.857771817597621
2020-05-05 20:59:56,190.0,0.0826392214081017,184.0,0.3463597599353908,10.59797280564663,0.9370023898483145,14.247699223645533
2020-05-05 21:14:57,190.0,0.0826392214081017,194.0,0.322426416790767,9.094354565039097,0.9376674278744221,15.032692598780244
2020-05-05 21:30:01,220.0,0.0826392214081017,219.0,0.3226665043503585,9.755973643723154,0.9421010556061771,17.0501350013469
2020-05-05 21:45:03,204.0,0.0826392214081017,200.0,0.3316023325688848,10.856458999244825,0.930448360658151,15.37830561704684
2020-05-05 22:00:04,218.0,0.0824887667126824,223.0,0.3374637027453452,10.084994244361653,0.9424168518855452,17.33575325660707
2020-05-05 22:15:04,198.0,0.0824887667126824,199.0,0.3395360979136255,10.668223513656162,0.9351136732999484,15.350138355689111
2020-05-05 22:30:03,216.0,0.0824887667126824,210.0,0.3230744773997631,10.850524223386918,0.9297216765135998,16.105234841147407
2020-05-05 22:44:59,192.0,0.0824887667126824,198.0,0.3165167151801987,10.37691215471588,0.9374169334208337,15.310620613226918
2020-05-05 23:00:01,219.0,0.0826239232448684,218.0,0.3237777483798076,10.248937650561878,0.9396635093337485,16.92523347632058
2020-05-05 23:14:57,206.0,0.0826239232448684,206.0,0.3201083169756046,10.919913916510568,0.9277946808471542,15.791555518446366
2020-05-05 23:30:03,218.0,0.0826239232448684,216.0,0.3289319213780362,10.986001974119198,0.9270717627172419,16.5452341316906
2020-05-05 23:45:01,220.0,0.0826239232448684,222.0,0.3093225339296615,9.629554206674399,0.9405018385890407,17.25116528255895
2020-05-06 00:00:04,227.0,0.0826106536240198,229.0,0.3092806769041327,8.67717444546052,0.9288411355050482,17.57166768958127
2020-05-06 00:14:58,264.0,0.0826106536240198,268.0,0.3069172236683728,9.231985078601298,0.9376239481989749,20.758670893419374
2020-05-06 00:30:00,280.0,0.0826106536240198,280.0,0.3122480056380586,8.880886764219326,0.9332317974515353,21.58656885565325
2020-05-06 00:45:01,274.0,0.0826106536240198,271.0,0.3288440310903639,9.54371593699003,0.9422953831576865,21.09562576508877
2020-05-06 00:59:56,275.0,0.082629354386263,278.0,0.3086937011195411,8.82822332118314,0.9318646053741347,21.40582505945791
2020-05-06 01:14:57,284.0,0.082629354386263,280.0,0.3108354510330222,10.010294510052205,0.9401263288257993,21.75096884587295
2020-05-06 01:30:04,283.0,0.082629354386263,283.0,0.3075261832471337,9.457020147894635,0.9395656411151845,21.97090375906822
2020-05-06 01:45:00,285.0,0.082629354386263,286.0,0.3123493340498089,10.738464710720525,0.930969158784173,22.00065883554355
2020-05-06 02:00:01,280.0,0.0825389327113022,280.0,0.2838698282960135,10.919486679496256,0.9235179559376033,21.343332198387692
2020-05-06 02:14:57,277.0,0.0825389327113022,278.0,0.3105183401226346,9.867212254173555,0.9406446980148963,21.583867022845126
2020-05-06 02:30:00,280.0,0.0825389327113022,281.0,0.3016553206358486,9.187058924668992,0.9365116477180607,21.720926796692844
2020-05-06 02:44:58,277.0,0.0825389327113022,275.0,0.3068917265642771,9.980576046904591,0.9398279487995812,21.332408852196696
2020-05-06 02:59:55,276.0,0.0826859741153094,275.0,0.3043737882840209,10.741902895561024,0.9299905765710503,21.146723604004773
2020-05-06 03:15:02,264.0,0.0826859741153094,268.0,0.2953539761411711,9.51683336458937,0.9384438892304539,20.79576743179933
2020-05-06 03:29:58,292.0,0.0826859741153094,291.0,0.3273241642625803,9.880195691729927,0.9424052919236799,22.67579657607241
2020-05-06 03:44:55,270.0,0.0826859741153094,266.0,0.3022409092291231,9.179131919015365,0.9364887562856288,20.597573026362138
2020-05-06 03:59:58,276.0,0.0827936567797819,281.0,0.3046588063325516,9.638610373625067,0.9399876078917512,21.86882819919564
2020-05-06 04:15:02,286.0,0.0827936567797819,280.0,0.309854864499042,9.504283838448996,0.9400915891944878,21.793413705651883
2020-05-06 04:29:58,281.0,0.0827936567797819,287.0,0.3032947913517613,9.121033662707427,0.9358979060037913,22.238599673040618
2020-05-06 04:44:55,280.0,0.0827936567797819,277.0,0.3242562554199418,9.76466595956327,0.942263940676706,21.609733212197497
2020-05-06 05:00:03,285.0,0.0828201242434352,285.0,0.3102760033227817,9.275952064949529,0.9384534810512363,22.15100766074408
2020-05-06 05:14:57,283.0,0.0828201242434352,283.0,0.2828120057351612,9.43258715970187,0.9363737680373233,21.946817481421945
2020-05-06 05:30:00,281.0,0.0828201242434352,279.0,0.3166068052294654,9.81242610563566,0.9414177169520581,21.753164706940417
2020-05-06 05:44:55,277.0,0.0828201242434352,262.0,0.3036754873826614,10.376487557322468,0.9359744706481633,20.309590750314264
2020-05-06 06:00:00,268.0,0.0829292865212346,263.0,0.2964306460092928,9.333768664478189,0.9373564362520741,20.44412102478604
2020-05-06 06:14:55,235.0,0.0829292865212346,238.0,0.299137256060956,10.810396916551909,0.9279285065906749,18.314682860638502
2020-05-06 06:29:59,231.0,0.0829292865212346,223.0,0.3076686369916261,10.655796367089756,0.9320472240731944,17.236564519116666
2020-05-06 06:44:55,202.0,0.0829292865212346,211.0,0.3024498699221493,8.621725739938821,0.9267993771903055,16.21720914182921
2020-05-06 06:59:59,216.0,0.0827759993722158,212.0,0.3095958708551109,9.134106310642057,0.9367910277882319,16.43928846795637
2020-05-06 07:14:55,212.0,0.0827759993722158,207.0,0.2977560305566833,9.615338781648004,0.9391085986783135,16.091280124350178
2020-05-06 07:29:56,211.0,0.0827759993722158,216.0,0.3109008476700802,8.761569721856185,0.9308080462450083,16.64249031035213
2020-05-06 07:44:58,215.0,0.0827759993722158,213.0,0.2867543253881833,9.371189972583743,0.936448095907856,16.510785950783035
2020-05-06 07:59:55,203.0,0.0827042795868903,203.0,0.2934944845965743,10.350243814044205,0.9350765688072059,15.698971298301588
2020-05-06 08:14:56,202.0,0.0827042795868903,201.0,0.3289953162584859,10.201286202857064,0.9406581111194168,15.637086734956972
2020-05-06 08:30:03,198.0,0.0827042795868903,199.0,0.2981368733725096,10.055961071415012,0.9383805599965629,15.444009550378826
2020-05-06 08:45:02,194.0,0.0827042795868903,199.0,0.2997482583481174,10.276321006805864,0.9366934851681133,15.416243417027905
2020-05-06 08:59:58,228.0,0.0827280411958061,226.0,0.3137489570831561,9.012309217399254,0.9355639235240993,17.491805802294238
2020-05-06 09:14:56,197.0,0.0827280411958061,196.0,0.3145114451276091,9.354245287161831,0.9396228603844696,15.235699105671882
2020-05-06 09:30:01,217.0,0.0827280411958061,214.0,0.2977189624747897,10.190606205693657,0.9372989618994042,16.593754126419242
2020-05-06 09:44:59,196.0,0.0827280411958061,194.0,0.3036335061526513,10.698086907578318,0.9307758495867773,14.938244988763207
2020-05-06 09:59:55,209.0,0.08269873114947,213.0,0.2901333647142324,9.859195134570237,0.938228610360454,16.526737223852226
2020-05-06 10:15:04,206.0,0.08269873114947,204.0,0.2823905852071708,9.206749127363842,0.9343247679220902,15.762564448890698
2020-05-06 10:29:58,221.0,0.08269873114947,217.0,0.2982095044547904,8.575588145014956,0.925203281600914,16.60335082528754
2020-05-06 10:45:04,209.0,0.08269873114947,213.0,0.3000420913744961,10.275842072435534,0.93673383442476,16.500407000253247
2020-05-06 10:59:59,199.0,0.0828835204241775,201.0,0.2852183703207105,8.5197102587711,0.9221970100958061,15.363421878999626
2020-05-06 11:14:56,203.0,0.0828835204241775,204.0,0.2834396200700456,9.431697674552488,0.936450309547252,15.833724864947747
2020-05-06 11:29:57,194.0,0.0828835204241775,197.0,0.2788245297780912,9.826343036406954,0.9368179046237864,15.296412888529291
2020-05-06 11:44:58,206.0,0.0828835204241775,200.0,0.2894161554516953,10.805278654417982,0.9268383098148147,15.36392439628927
2020-05-06 12:00:00,197.0,0.0829587861282425,200.0,0.2842974048092423,8.723736362582251,0.9267992541638311,15.377228221998386
2020-05-06 12:15:02,216.0,0.0829587861282425,216.0,0.2970624166619175,9.514855804920709,0.9386432503944069,16.819640206600603
2020-05-06 12:30:01,209.0,0.0829587861282425,206.0,0.2734093280109838,8.560782999275395,0.9216361651604321,15.750310407801162
2020-05-06 12:44:55,231.0,0.0829587861282425,235.0,0.3060413988112509,9.356527460853975,0.938687332526707,18.300004990187784
2020-05-06 12:59:59,212.0,0.0830522530872041,209.0,0.2846559737433224,10.055577647099486,0.9366905476189388,16.25900042887514
2020-05-06 13:14:59,230.0,0.0830522530872041,236.0,0.2950268181661701,9.197669870571495,0.9358323447998325,18.34262440041173
2020-05-06 13:29:55,212.0,0.0830522530872041,209.0,0.2960270660597261,9.024374874139088,0.9336836574486269,16.206807067158234
2020-05-06 13:44:58,220.0,0.0830522530872041,220.0,0.2980583971902172,8.789258083317733,0.9298642039918491,16.990009785465777
2020-05-06 13:59:56,209.0,0.083090311949491,211.0,0.2848208555796608,9.942850610050854,0.9372882723867377,16.432590312174053
2020-05-06 14:14:58,222.0,0.083090311949491,218.0,0.278270640001576,10.238175014761715,0.9343590059783861,16.92468751894417
2020-05-06 14:29:59,228.0,0.083090311949491,228.0,0.304921331447579,10.179892851489555,0.9382499406961595,17.77476149906005
2020-05-06 14:45:04,226.0,0.083090311949491,227.0,0.2983521837233835,10.872152551801268,0.9264514737050588,17.47426522406171
2020-05-06 15:00:01,215.0,0.0830449845043134,218.0,0.2926727815875613,8.506758034733757,0.9228167482652538,16.706495958081938
2020-05-06 15:15:00,221.0,0.0830449845043134,215.0,0.3060583381679825,10.11799163473509,0.9388882939566189,16.76354222192536
2020-05-06 15:30:03,211.0,0.0830449845043134,214.0,0.2906289738570856,10.0009805927441,0.937767399020315,16.66565213174256
2020-05-06 15:44:55,212.0,0.0830449845043134,209.0,0.3025437607073744,9.97184902492572,0.9393621971470077,16.30394769315631
2020-05-06 15:59:57,224.0,0.0831033728439336,231.0,0.2876709497419755,10.906925799600605,0.9243094912539015,17.74385757949256
2020-05-06 16:14:56,222.0,0.0831033728439336,216.0,0.2777290720214868,8.5421791834251,0.921767844288077,16.546035637314937
2020-05-06 16:29:59,222.0,0.0831033728439336,224.0,0.2788814553480903,10.241206076753626,0.9344105963164316,17.39419856720151
2020-05-06 16:44:55,220.0,0.0831033728439336,220.0,0.2991090183520893,10.534196624254658,0.9331505586687273,17.06055093524588
2020-05-06 17:00:04,209.0,0.0830326740611103,207.0,0.2883727269102362,9.77451799155396,0.9381211248022042,16.124204056207525
2020-05-06 17:14:56,231.0,0.0830326740611103,228.0,0.2946982099560787,9.334912173992024,0.9371536303706671,17.741676801351876
2020-05-06 17:30:04,214.0,0.0830326740611103,229.0,0.3122492187391058,10.477100408068512,0.9355569021577144,17.789130212848736
2020-05-06 17:44:59,213.0,0.0830326740611103,208.0,0.3057716119297383,8.743107314081062,0.9298456903328296,16.05917541956706
2020-05-06 17:59:55,252.0,0.0829738900399305,264.0,0.2788121782170094,9.605089094324814,0.9366606474759017,20.51765167805643
2020-05-06 18:15:02,267.0,0.0829738900399305,262.0,0.3009401606219927,9.799880936427096,0.9396514961959657,20.427233459359698
2020-05-06 18:29:58,268.0,0.0829738900399305,270.0,0.3018694103457394,10.234891027336369,0.9373758174597541,20.99998386107881
2020-05-06 18:44:56,279.0,0.0829738900399305,277.0,0.2928854657503727,8.727214330081024,0.9279669800274344,21.328177354730713
2020-05-06 18:59:56,280.0,0.083021240466365,279.0,0.2957710942404761,9.069398753844652,0.9343016872798418,21.64116092833349
2020-05-06 19:14:56,278.0,0.083021240466365,284.0,0.303345182623734,9.525753906725313,0.9394455135200771,22.150276654771453
2020-05-06 19:30:02,279.0,0.083021240466365,275.0,0.299739602927306,10.058236682550326,0.9385591694036062,21.428095286116363
2020-05-06 19:45:02,277.0,0.083021240466365,273.0,0.296340767142139,10.717401953043543,0.9295236762841657,21.067466960895082
2020-05-06 19:59:56,263.0,0.0829391089554095,280.0,0.2846525218590489,10.047065420603442,0.9367427124368286,21.75392964919551
2020-05-06 20:15:04,283.0,0.0829391089554095,284.0,0.3018060964207641,8.833653677337336,0.9311675425012447,21.933378578763463
2020-05-06 20:30:04,271.0,0.0829391089554095,270.0,0.2909859353353766,10.951450331968207,0.923653359482744,20.683886387175715
2020-05-06 20:45:01,275.0,0.0829391089554095,274.0,0.2861755848832482,10.679464336888731,0.9289846428624907,21.111469432363158
2020-05-06 21:00:00,282.0,0.0829987167411091,286.0,0.2948445208302193,9.75680190286331,0.9389383578430953,22.288174136794627
2020-05-06 21:14:55,278.0,0.0829987167411091,281.0,0.2925571061167683,10.805869954491582,0.9272207073230154,21.625234205049853
2020-05-06 21:30:01,278.0,0.0829987167411091,271.0,0.2927792313194473,9.853451984392839,0.9385731949554279,21.111000472952803
2020-05-06 21:45:03,278.0,0.0829987167411091,282.0,0.3072543440438368,10.808265169722908,0.9289283751416528,21.74216138888734
2020-05-06 22:00:00,272.0,0.0831237997751499,271.0,0.2905355455120693,10.574743421508359,0.9314252058114375,20.981796226930783
2020-05-06 22:14:57,278.0,0.0831237997751499,277.0,0.2956456627596501,10.920716025735743,0.9249800035841402,21.297935174062903
2020-05-06 22:29:58,253.0,0.0831237997751499,272.0,0.285042211836524,10.799457026945396,0.9264024062032444,20.945655969851916
2020-05-06 22:44:59,284.0,0.0831237997751499,283.0,0.2797673285044449,8.590084543571423,0.9232047239151953,21.71750054808238
2020-05-06 23:00:04,276.0,0.083230907402936,274.0,0.2989347773762947,8.93693001040235,0.9326565791421337,21.269483825385127
2020-05-06 23:15:02,286.0,0.083230907402936,291.0,0.308297934196273,9.472836692752963,0.9397463028043413,22.76083781568924
2020-05-06 23:30:01,281.0,0.083230907402936,280.0,0.2930246975381545,10.880356743238552,0.9256087458134796,21.570991627961845
2020-05-06 23:45:02,263.0,0.083230907402936,262.0,0.293764527661665,9.250072298689824,0.9362420148402608,20.41615938030389
2020-05-07 00:00:04,265.0,0.0833032946717326,265.0,0.2870552711091774,8.901169109719003,0.9305686347430259,20.5426497959516
2020-05-07 00:14:57,236.0,0.0833032946717326,237.0,0.2837532142763516,10.7157616652164,0.927964319669668,18.320688984412204
2020-05-07 00:29:55,235.0,0.0833032946717326,235.0,0.2986674234353004,9.615986038708007,0.9392205531081226,18.3864391268687
2020-05-07 00:45:00,237.0,0.0833032946717326,232.0,0.2945208606976764,10.769688985885814,0.9282345823543857,17.939399753699526
2020-05-07 01:00:04,217.0,0.0832025805920506,221.0,0.2868937476323798,8.900576165800357,0.9305375404347459,17.110510559131058
2020-05-07 01:14:58,239.0,0.0832025805920506,238.0,0.2987043034179719,10.15279377877025,0.9377451614277819,18.569430533703123
2020-05-07 01:30:00,232.0,0.0832025805920506,228.0,0.2964665356503015,9.60065938207373,0.9389089928848141,17.811280461994755
2020-05-07 01:44:59,227.0,0.0832025805920506,228.0,0.296654096484738,8.691216922575714,0.927662878533237,17.59793955425869
2020-05-07 01:59:57,222.0,0.0832716415519531,222.0,0.3023220945429215,10.241157861631251,0.9373666002752468,17.3284443300783
2020-05-07 02:15:02,219.0,0.0832716415519531,218.0,0.2882886790429661,9.118496888847885,0.9340263140947482,16.955583165170985
2020-05-07 02:30:01,234.0,0.0832716415519531,234.0,0.27669767627374,8.599038806448794,0.9230039532634927,17.985252717243217
2020-05-07 02:45:00,242.0,0.0832716415519531,238.0,0.2856874636139135,8.649860745623933,0.9253686666827611,18.339558363868925
2020-05-07 02:59:57,234.0,0.0832077914264908,241.0,0.2850820868961915,8.65269634266697,0.9253540869452658,18.556197436788395
2020-05-07 03:15:00,238.0,0.0832077914264908,233.0,0.2998255510478649,10.769332393712599,0.9288870472166842,18.008719046272923
2020-05-07 03:30:00,208.0,0.0832077914264908,212.0,0.2892402467290779,10.349709794572753,0.9345489716599966,16.48549225328601
2020-05-07 03:45:04,234.0,0.0832077914264908,233.0,0.2830144102889342,10.745155893034337,0.9272763406210521,17.977491608412063
2020-05-07 04:00:00,226.0,0.0833310091770806,230.0,0.2862093718914125,10.181455778241304,0.9359403385885454,17.93835617714806
2020-05-07 04:14:55,234.0,0.0833310091770806,234.0,0.2940549407927886,9.822349822577207,0.9387876679028616,18.305848962026367
2020-05-07 04:29:56,224.0,0.0833310091770806,219.0,0.2943326635883225,9.261115910868446,0.9364243108001491,17.089267041287364
2020-05-07 04:45:01,232.0,0.0833310091770806,231.0,0.275625277611594,10.994905628321684,0.9205496374156261,17.720086295474584
2020-05-07 05:00:03,204.0,0.0833534938551271,228.0,0.290154388292599,9.405472647348473,0.9371361258001751,17.809894029152975
2020-05-07 05:15:03,241.0,0.0833534938551271,240.0,0.2781404194333559,9.676622373034775,0.9367305330661365,18.739143055641154
2020-05-07 05:30:03,217.0,0.0833534938551271,216.0,0.3010130143183913,9.445612937308654,0.9387354055038364,16.90132518451892
2020-05-07 05:45:01,230.0,0.0833534938551271,231.0,0.2834273733834433,10.948817323338647,0.9227476098183502,17.767188798935052
2020-05-07 05:59:57,228.0,0.0833784493230955,226.0,0.2704413698841924,8.936645963487514,0.9289440276919122,17.504584233339926
2020-05-07 06:15:02,220.0,0.0833784493230955,216.0,0.2795462373891169,9.3199700022702,0.9350776231481351,16.84050959840055
2020-05-07 06:30:02,225.0,0.0833784493230955,230.0,0.2867922122468266,10.200871665037504,0.9358397548444145,17.94663954198162
2020-05-07 06:44:56,233.0,0.0833784493230955,234.0,0.2867158083792608,8.658019045846576,0.9256848464891582,18.06062709254397
2020-05-07 06:59:57,224.0,0.0834797204951514,220.0,0.2810770148173575,10.018123435028853,0.9364407507719301,17.1982386696363
2020-05-07 07:15:01,238.0,0.0834797204951514,241.0,0.2833637290451693,9.694116257191041,0.9374474864518549,18.86014284963982
2020-05-07 07:30:01,208.0,0.0834797204951514,205.0,0.2756170234531089,9.209999941905252,0.9334531232286771,15.974503193603498
2020-05-07 07:45:01,222.0,0.0834797204951514,225.0,0.2785537508688545,9.096033202310146,0.9324549163642445,17.514242053293803
2020-05-07 07:59:55,231.0,0.0835271584947723,230.0,0.2690926285876166,9.786281858246891,0.9355263823019028,17.972627894431554
2020-05-07 08:15:04,230.0,0.0835271584947723,231.0,0.2684649891320447,9.419818951342604,0.9343332245763021,18.027748046642902
2020-05-07 08:29:56,227.0,0.0835271584947723,224.0,0.2750120182054016,9.641299728156639,0.9362401215931611,17.517130853706814
2020-05-07 08:45:00,212.0,0.0835271584947723,216.0,0.2938907767816526,9.3436934544106,0.9371278426820769,16.90753518264309
2020-05-07 08:59:57,241.0,0.0834081198817483,239.0,0.2796166841150645,10.926234233989945,0.9227935969010519,18.395466470587404
2020-05-07 09:15:01,231.0,0.0834081198817483,218.0,0.2752740643694926,8.83359857936401,0.9277838070394598,16.869865254412478
2020-05-07 09:30:00,225.0,0.0834081198817483,223.0,0.2624185674374935,8.742009882945936,0.9241639532150336,17.18945944943344
2020-05-07 09:45:03,233.0,0.0834081198817483,235.0,0.280870226692178,9.35847932197729,0.9355784560932251,18.338187405782108
2020-05-07 10:00:00,238.0,0.0834434604919049,241.0,0.285607239998904,9.977567252176229,0.9372406222916689,18.84779080186238
2020-05-07 10:15:02,241.0,0.0834434604919049,233.0,0.2815513733255005,10.147941179625072,0.9356167249289632,18.190565652766868
2020-05-07 10:29:57,224.0,0.0834434604919049,233.0,0.289319837013375,9.493141867920105,0.937571160628129,18.228564429351888
2020-05-07 10:45:01,222.0,0.0834434604919049,215.0,0.2931481568069385,10.998194984805428,0.9227493691601293,16.554441113830332
2020-05-07 10:59:59,229.0,0.0832774161257394,231.0,0.2831628086474264,9.379732490482606,0.9360470317376175,18.006814558488934
2020-05-07 11:15:02,232.0,0.0832774161257394,236.0,0.2774981851910201,10.303516669899881,0.9335567770983106,18.347630304007158
2020-05-07 11:30:01,221.0,0.0832774161257394,219.0,0.274989287734123,10.093956736326982,0.9351447946607678,17.05494084240967
2020-05-07 11:45:03,350.0,0.0832774161257394,160.0,1.0018117910180533,10.532634658118653,0.8488697071866427,11.310668134706654
2020-05-07 11:59:57,48.0,0.0832135689592079,-3.0,1.666666,10.940564158634551,0.44999999999999996,-0.11233831809493065
