batch_id,reactor_start_time,reactor_end_time,filter_start_time,filter_end_time,reactor,filter,reactor_temp_mean_reactor,reactor_temp_std_reactor,reactor_temp_first_reactor,reactor_temp_last_reactor,reactor_temp_sum_reactor,reactor_temp_median_reactor,reactor_temp_amin_reactor,reactor_temp_amax_reactor,reactor_temp_increase_reactor,reactor_agitator_speed_mean_reactor,reactor_agitator_speed_std_reactor,reactor_agitator_speed_first_reactor,reactor_agitator_speed_last_reactor,reactor_agitator_speed_sum_reactor,reactor_agitator_speed_median_reactor,reactor_agitator_speed_amin_reactor,reactor_agitator_speed_amax_reactor,reactor_agitator_speed_increase_reactor,reactor_P_mean_reactor,reactor_P_std_reactor,reactor_P_first_reactor,reactor_P_last_reactor,reactor_P_sum_reactor,reactor_P_median_reactor,reactor_P_amin_reactor,reactor_P_amax_reactor,reactor_P_increase_reactor,filter_trough_lvl_mean_filter,filter_trough_lvl_std_filter,filter_trough_lvl_first_filter,filter_trough_lvl_last_filter,filter_trough_lvl_sum_filter,filter_trough_lvl_median_filter,filter_trough_lvl_amin_filter,filter_trough_lvl_amax_filter,filter_trough_lvl_increase_filter,filter_infeed_mean_filter,filter_infeed_std_filter,filter_infeed_first_filter,filter_infeed_last_filter,filter_infeed_sum_filter,filter_infeed_median_filter,filter_infeed_amin_filter,filter_infeed_amax_filter,filter_infeed_increase_filter,batch_type
0,2017-03-27 00:02:00,2017-03-27 00:40:00,2017-03-27 00:52:00,2017-03-27 01:05:00,reactor_1,filter_a,0.1323682145417021,2.8739124160166423,0.0,-3.949083647098415,5.02999215258468,0.3082057695495178,-3.999998976939167,3.99999079245564,-3.949083647098415,-0.02442771843793644,2.930712498708699,-2.210737993954426,2.9395164529914104,-0.9282533006415847,0.002858430630464398,-3.996372135890381,3.996611681189033,5.150254446945836,0.039710464362510633,0.8621737248049925,0.0,-1.1847250941295244,1.508997645775404,0.0924617308648553,-1.19999969308175,1.199997237736692,-1.1847250941295244,6.0,3.8944404818493075,0.0,12.0,78.0,6.0,0.0,12.0,12.0,1.0,0.0,1.0,1.0,13.0,1.0,1.0,1.0,0.0,
1,2017-03-27 00:41:00,2017-03-27 01:58:00,2017-03-27 02:12:00,2017-03-27 02:24:00,reactor_1,filter_a,0.10364716668560421,2.143808195085442,0.0,-3.8108886320160575,7.980831834791524,0.1052147158611884,-3.999998976939167,3.999949870121741,-3.8108886320160575,0.0017272697781513992,2.1944046609832824,-2.210737993954426,3.847675632917669,0.13299977291765774,-0.0969758977484367,-3.996372135890381,3.9970662386548073,6.058413626872095,-0.0035154013550470395,0.9099978375813963,0.0,-1.1432665896048175,-0.27068590433862205,-0.1585740892258199,-1.4909151344633171,2.270946611651844,-1.1432665896048175,16.5,10.816653826391969,0.0,33.0,198.0,16.5,0.0,33.0,33.0,3.0,0.0,3.0,3.0,36.0,3.0,3.0,3.0,0.0,
2,2017-03-27 01:59:00,2017-03-27 02:09:00,2017-03-27 02:44:00,2017-03-27 02:45:00,reactor_1,filter_a,1.0323329608338914,2.610962320851487,0.0,-3.5651942788979314,10.323329608338915,1.525326130793972,-3.5651942788979314,3.9508875322986903,-3.5651942788979314,-0.5104477168998456,3.140286416326102,-2.210737993954426,3.973585204119853,-5.104477168998455,-1.5016463244814082,-3.996372135890381,3.973585204119853,6.184323198074279,0.3096998882501675,0.7832886962554461,0.0,-1.069558283669379,3.0969988825016745,0.45759783923819164,-1.069558283669379,1.185266259689607,-1.069558283669379,96.0,,96.0,96.0,96.0,96.0,96.0,96.0,0.0,3.0,,3.0,3.0,3.0,3.0,3.0,3.0,0.0,
3,2017-03-27 02:10:00,2017-03-27 02:31:00,2017-03-27 02:51:00,2017-03-27 03:04:00,reactor_1,filter_a,-0.12618450974599374,1.0811559253121459,0.0,1.2062835873617803,-2.6498747046658684,-0.6109886895990319,-1.9822813500288263,1.81621689829314,1.2062835873617803,-0.17361964185671697,1.1820352089344548,-2.210737993954426,0.5350487737622157,-3.6460124789910564,0.0310473813791395,-3.48332822749152,1.311941909716213,2.7457867677166417,0.12663926406891474,1.0620499164089812,0.0,0.8264710230511522,2.6594245454472096,0.0,-2.944912482213564,2.140742534930873,0.8264710230511522,135.0,11.683321445547923,117.0,153.0,1755.0,135.0,117.0,153.0,36.0,3.0,0.0,3.0,3.0,39.0,3.0,3.0,3.0,0.0,
4,2017-03-27 02:32:00,2017-03-27 03:48:00,2017-03-27 04:06:00,2017-03-27 04:13:00,reactor_1,filter_a,0.24137170623099452,1.6591586801971394,2.6855217320302374,-2.8435583308665224,18.344249673555584,0.13420291071296084,-3.9535327256221615,3.999949870121741,-5.52908006289676,0.20478386950025365,1.581447253710312,-0.2483084889730958,3.9246147675697447,15.563574082019278,0.19445476739503298,-3.9715792073425367,3.9970662386548073,4.17292325654284,0.0026057241519854674,0.9705500894301996,-0.5931054325435238,-0.8530674992599567,0.19803503555089552,0.07156902973997076,-2.147347799943653,2.00088943298624,-0.25996206671643296,3.0,2.160246899469287,0.0,6.0,21.0,3.0,0.0,6.0,6.0,1.0,0.0,1.0,1.0,7.0,1.0,1.0,1.0,0.0,
5,2017-03-27 03:49:00,2017-03-27 04:19:00,2017-03-27 04:42:00,2017-03-27 05:03:00,reactor_1,filter_a,0.09236589807038956,2.2439202528977567,0.0,1.898519670862468,2.7709769421116865,-0.3229778184590908,-3.999998976939167,3.9508875322986903,1.898519670862468,-0.45541282931434435,2.30017952826449,-2.210737993954426,1.412350087891972,-13.66238487943033,-0.17765494398601137,-3.996372135890381,3.973585204119853,3.6230880818463977,-0.017511240848294484,0.9203941783320736,0.0,-0.5933450196649596,-0.5253372254488345,-0.0933096402182718,-1.7800954943398093,1.3299692189192716,-0.5933450196649596,46.0,6.2048368229954285,36.0,56.0,966.0,46.0,36.0,56.0,20.0,1.0,0.0,1.0,1.0,21.0,1.0,1.0,1.0,0.0,
6,2017-03-27 04:20:00,2017-03-27 06:06:00,2017-03-27 06:29:00,2017-03-27 06:50:00,reactor_1,filter_a,-0.13709566604763962,2.0525583112335153,0.9657481387212188,-2.8071068093657674,-14.5321406010498,-0.068872729579479,-3.999917132355099,3.999949870121741,-3.7728549480869864,0.20574762476990846,1.9708079216034124,-1.1545215633332842,0.7644932738800225,21.809248225610297,0.23359480325115084,-3.9972812498918495,3.997488082206164,1.9190148372133067,-0.23243731015909802,0.8987183370204972,0.521760413340555,-0.8421320428097302,-24.63835487686439,-0.30163867463945393,-2.612866393936638,1.807291919101574,-1.3638924561502852,100.0,62.048368229954285,0.0,200.0,2100.0,100.0,0.0,200.0,200.0,10.0,0.0,10.0,10.0,210.0,10.0,10.0,10.0,0.0,bad
7,2017-03-27 06:07:00,2017-03-27 06:23:00,2017-03-27 07:05:00,2017-03-27 07:34:00,reactor_1,filter_a,0.24135273110611666,2.77161238505266,0.0,2.831459890640093,3.8616436976978665,0.6172176816474021,-3.999998976939167,3.9508875322986903,2.831459890640093,-0.522689695345574,2.9433852476935156,-2.210737993954426,-3.9212618422984105,-8.363035125529183,-1.2289864530076162,-3.996372135890381,3.973585204119853,-1.7105238483439846,0.07240581933183504,0.8314837155157981,0.0,0.8494379671920279,1.1584931093093607,0.1851653044942206,-1.19999969308175,1.185266259689607,0.8494379671920279,250.0,0.0,250.0,250.0,7250.0,250.0,250.0,250.0,0.0,10.0,0.0,10.0,10.0,290.0,10.0,10.0,10.0,0.0,
8,2017-03-27 06:24:00,2017-03-27 06:58:00,2017-03-27 07:53:00,2017-03-27 08:44:00,reactor_1,filter_a,0.405361450202085,1.4333069169806847,0.0,-1.3337171945507376,13.78228930687089,0.11028952316254756,-1.5450550382946495,3.9508875322986903,-1.3337171945507376,-0.654275438036147,1.3456288220862411,-2.210737993954426,-0.4146808560321214,-22.245364893228995,-0.3224023319800006,-3.996372135890381,1.6488134865223367,1.7960571379223045,-0.058323345707769446,0.9077857971562886,0.0,0.3005691994289474,-1.9829937540641611,0.0026456526153075,-2.104821119859622,1.9089708100311555,0.3005691994289474,114.47329703616155,119.66036125019347,250.0,1.823094041568184,5838.138148844239,30.0,-1.211355940459149,250.0,-248.1769059584318,4.422091611240282,4.961838878024272,10.0,-0.3479497163832112,225.52667217325438,1.0,-1.876200187417208,10.0,-10.34794971638321,good
9,2017-03-27 06:59:00,2017-03-27 08:12:00,2017-03-27 09:12:00,2017-03-27 09:36:00,reactor_1,filter_a,-0.14200063600421098,0.91097669636195,-0.119263461380362,0.5484249515889806,-10.366046428307401,-0.119263461380362,-2.409291022113635,2.5388258726488213,0.6676884129693427,-0.07444760659623761,0.9900026367335063,-0.3265321730110188,1.3565292326572598,-5.434675281525346,-0.0814243713602812,-2.9910216342092637,1.9054684524881451,1.6830614056682784,0.07590193901014666,0.885179551365675,-1.1056965143699695,0.3952585830162388,5.5408415477407065,0.2123484547072482,-2.829626865980944,1.960094802972605,1.5009550973862082,34.5,21.213203435596427,0.0,69.0,828.0,34.5,0.0,69.0,69.0,3.0,0.0,3.0,3.0,72.0,3.0,3.0,3.0,0.0,
10,2017-03-27 08:13:00,2017-03-27 10:03:00,2017-03-27 10:25:00,2017-03-27 11:21:00,reactor_1,filter_a,0.03391280483648969,2.0166013790583754,-1.793048529160466,0.2780185971416314,3.7304085320138656,0.011235574293278799,-3.999974423505334,3.99999079245564,2.0710671263020974,-0.06097180409469607,1.991915690249971,-0.4503665024057692,0.8005027849721271,-6.706898450416568,0.0007293214858484004,-3.9968430489349775,3.996611681189033,1.2508692873778964,0.11794261589715298,0.9840140336456021,0.2220942016947691,1.6913303934822443,12.973687748686828,0.1691591187906433,-1.840050559878457,3.164586389680088,1.4692361917874752,82.5,48.92851929090027,0.0,165.0,4620.0,82.5,0.0,165.0,165.0,3.0,0.0,3.0,3.0,168.0,3.0,3.0,3.0,0.0,bad
11,2017-03-27 10:04:00,2017-03-27 11:43:00,2017-03-27 11:48:00,2017-03-27 12:11:00,reactor_1,filter_a,0.07136658000632755,1.017876919503975,-0.1998430978917966,0.5311576927910565,7.065291420626427,-0.0452774786269488,-2.087614315202817,2.963591093965417,0.7310007906828531,-0.0813161292439603,0.9925649181404801,0.3248784499738593,-1.069858945130259,-8.05029679515207,-0.1201703616131667,-3.0616269717704845,2.077983855862169,-1.3947373951041182,-0.06194908127253975,0.9687580710166902,0.9162611033339184,-0.1405727602693096,-6.132959045981435,-0.1084302584692825,-2.542521225151908,2.2707354994790783,-1.056833863603228,249.95652173913044,0.20851441405707885,249.0,250.0,5749.0,250.0,249.0,250.0,1.0,3.0,0.0,3.0,3.0,69.0,3.0,3.0,3.0,0.0,
12,2017-03-27 11:44:00,2017-03-27 12:02:00,2017-03-27 12:25:00,2017-03-27 12:35:00,reactor_1,filter_a,-0.09740991888552204,1.0097166356900824,-0.3726715778195892,0.5702893153125105,-1.7533785399393969,-0.0651085696194499,-1.9327923830002665,1.832076326039876,0.9429608931320996,-0.592511705067836,1.0301767195259974,-1.1910596189572862,-1.9712851440295185,-10.665210691221048,-1.0266798125706276,-1.9712851440295185,2.43442645395925,-0.7802255250722323,0.17282600920516644,1.6409439179541225,3.3324875887442422,-0.7949326064554911,3.110868165692996,0.39716595754773804,-2.3289320601964905,3.3324875887442422,-4.127420195199734,250.0,0.0,250.0,250.0,2500.0,250.0,250.0,250.0,0.0,10.0,0.0,10.0,10.0,100.0,10.0,10.0,10.0,0.0,
13,2017-03-27 12:03:00,2017-03-27 12:15:00,2017-03-27 13:02:00,2017-03-27 14:00:00,reactor_1,filter_a,-0.1713506686819418,0.9407585470348879,-1.383167337676618,-0.7491301929849858,-2.0562080241833014,0.11623052858223985,-1.4760225097935566,1.0589893475540593,0.6340371446916322,0.7218820825891573,0.6631253500448193,0.257760508754097,1.2644371781687718,8.662584991069888,0.8178994141582459,-0.3333280304276512,1.614690274092179,1.0066766694146747,-0.43661772572368607,0.770706581476822,-1.785152492924618,0.340271749202992,-5.239412708684233,-0.4029107569886131,-1.785152492924618,0.9446251305131532,2.12542424212761,107.86258317723419,124.79751497679236,250.0,-0.265696191954506,6256.0298242795825,1.543037518272833,-1.437106907678824,250.0,-250.2656961919545,4.399577548593993,4.97059224165086,10.0,0.7384712699085432,255.1754978184516,1.2324464621842388,-2.080952073926386,10.0,-9.261528730091456,good
14,2017-03-27 12:16:00,2017-03-27 12:22:00,2017-03-27 14:05:00,2017-03-27 14:23:00,reactor_1,filter_a,-0.6635901524396268,0.5512307902527178,-0.9528409602803206,-1.0228829713702878,-3.981540914637761,-0.7092700185588511,-1.3459203257391734,0.185707937854106,-0.07004201108996722,1.2130142804320543,1.1718676006104107,2.444645798225663,1.6866097744898096,7.278085682592326,1.6241861830665782,-0.9367799002436328,2.444645798225663,-0.7580360237358532,-0.10531345456246229,0.5757699511836833,-0.6781782934340309,-0.1769376701455394,-0.6318807273747737,-0.2186134483927271,-0.6781782934340309,0.8201640567847617,0.5012406232884915,0.9575746090348698,1.5722363531531296,0.0,0.1385674145355753,17.236342962627656,0.22935023164579685,-0.3289109508911986,5.0,0.1385674145355753,0.5305597486294825,0.9139373730744943,1.0,0.8623237551111729,9.550075475330685,0.9311618775555864,-1.3923090715144375,1.975606503494152,-0.13767624488882713,
15,2017-03-27 12:23:00,2017-03-27 12:36:00,2017-03-27 14:52:00,2017-03-27 15:06:00,reactor_1,filter_a,0.12267106975439046,1.0574054402600466,2.050592020546182,0.570917318993813,1.594723906807076,0.51775473042816,-1.5336046492541695,2.050592020546182,-1.479674701552369,-0.3887359201584937,1.2158932845200807,-0.4653683338098974,-0.1304140256292382,-5.053566962060418,-0.132951895106623,-2.900379319089885,1.156834589238558,0.3349543081806592,0.3553816273050205,1.3417691352221848,-1.4014411990372169,-0.2547915945607785,4.619961154965266,0.4910801753155039,-1.4014411990372169,2.7975100903206847,1.1466496044764383,5.629577599452179,3.9901100946698884,0.0,0.8140863923305041,78.81408639233051,5.5,0.0,12.0,0.8140863923305041,1.0043775831357986,0.0163794162762781,1.0,1.0612861639011812,14.061286163901181,1.0,1.0,1.0612861639011812,0.061286163901181245,
16,2017-03-27 12:37:00,2017-03-27 13:29:00,2017-03-27 15:21:00,2017-03-27 16:19:00,reactor_1,filter_a,-0.10474364819754109,1.06654243686685,1.4877945382983544,-3.5573785186423947,-5.446669706272137,-0.013146652629370951,-3.999974423505334,1.7324767806063703,-5.045173056940749,0.15184667103103472,1.1518580440122237,-0.8019302163603077,1.9538534083152672,7.896026893613806,0.15470508363153096,-2.760120277221765,3.3256352397870126,2.755783624675575,-0.11071398738668366,0.9897735787493193,0.1763189377066451,-1.0672135555927185,-5.75712734410755,-0.12683568150809144,-2.6553977255513392,2.33700790149546,-1.2435324932993637,114.26728125171877,81.46916087273999,0.0,-0.5060952933014343,6627.502312599689,112.5,-0.5060952933014343,250.0,-0.5060952933014343,4.502552826791737,1.5292081743212995,5.0,-0.7534340431793587,261.14806395392077,5.0,-0.9992462528703016,5.0,-5.753434043179359,
17,2017-03-27 13:30:00,2017-03-27 14:47:00,2017-03-27 16:31:00,2017-03-27 16:35:00,reactor_1,filter_a,0.3237574024516616,2.7022097103186296,0.0,-3.8108886320160575,24.929319988777944,0.6333658961467571,-3.999998976939167,3.99999079245564,-3.8108886320160575,-0.1612441879555096,2.7730677911075237,-2.210737993954426,3.847675632917669,-12.415802472574239,-0.1503126247650989,-3.9968430489349775,3.9970662386548073,6.058413626872095,0.08817390950124855,0.8528994816302868,0.0,-1.1432665896048175,6.789391031596138,0.1849234617297106,-1.19999969308175,1.3476341156751326,-1.1432665896048175,4.5,3.872983346207417,0.0,9.0,18.0,4.5,0.0,9.0,9.0,3.0,0.0,3.0,3.0,12.0,3.0,3.0,3.0,0.0,
18,2017-03-27 14:48:00,2017-03-27 16:03:00,2017-03-27 17:01:00,2017-03-27 17:51:00,reactor_1,filter_a,0.20712798096554533,1.7143831919618246,0.0,2.276511465498694,15.534598572415899,0.0691332631898379,-3.951777349824113,3.99999079245564,2.276511465498694,-0.07893190292147632,1.7183748833143975,-2.210737993954426,1.0630559215003486,-5.919892719110724,0.046628594665346,-3.996372135890381,3.996611681189033,3.2737939154547746,0.006537217557459159,0.9244815426686362,0.0,-0.8220658820179073,0.49029131680943694,0.1506378162257233,-2.56925457296045,1.723944245115242,-0.8220658820179073,158.1,40.02155031724681,90.0,147.0,7905.0,154.5,90.0,228.0,57.0,3.0,0.0,3.0,3.0,150.0,3.0,3.0,3.0,0.0,
19,2017-03-27 16:04:00,2017-03-27 17:06:00,2017-03-27 17:59:00,2017-03-27 18:04:00,reactor_1,filter_a,-0.20911411603335084,1.7530571948006861,0.5125129491456429,-1.3031657468761926,-12.965075194067753,-0.0703851351000421,-3.999998976939167,3.949989630777718,-1.8156786960218354,0.1508663838016339,1.7262807162297134,-0.464367054472147,1.2937490316119908,9.353715795701302,0.1683716539103417,-3.9212618422984105,3.996611681189033,1.7581160860841378,0.08613563163448092,1.020228308496602,1.3082106913920952,-1.2809044633320543,5.340409161337817,0.1522297077938196,-2.6325527754384432,1.9355203097611764,-2.5891151547241495,180.0,4.743416490252569,174.0,186.0,900.0,180.0,174.0,186.0,12.0,3.0,0.0,3.0,3.0,15.0,3.0,3.0,3.0,0.0,
20,2017-03-27 17:07:00,2017-03-27 17:36:00,2017-03-27 18:26:00,2017-03-27 19:10:00,reactor_1,filter_a,0.004586840547642671,0.9440368008568547,1.1371981215347349,-1.1530074470755616,0.13301837588163745,0.0007696306142424,-1.7159683792072835,1.7710133799917966,-2.2902055686102964,0.19973043324246212,0.939589772583064,0.1461231856242777,0.268684582705706,5.7921825640314015,0.0500885794812563,-1.4796071795610612,2.6194839830664,0.1225613970814283,-0.15752928965012128,0.7930891620238149,1.271448156419858,-0.6153718829030287,-4.568349399853517,-0.1129803589749755,-1.800684144412232,1.271448156419858,-1.8868200393228869,104.95111708343956,60.48867679182147,81.0,-1.4935694133709887,4617.84915167134,118.5,-2.162573330308078,183.0,-82.49356941337099,2.3885254041144854,1.2619313480477117,3.0,0.6275142619470979,105.09511778103736,3.0,-0.8035879568625225,3.0,-2.372485738052902,
21,2017-03-27 17:37:00,2017-03-27 18:58:00,2017-03-27 19:35:00,2017-03-27 19:52:00,reactor_1,filter_a,0.04807491225206738,0.9615602625574518,-0.7624202686933569,1.4923205009343128,3.894067892417458,0.0523680517543443,-1.910749785594656,2.664293885743432,2.2547407696276696,-0.017319193327032224,1.0460116749256994,-0.8685971575253488,2.0579805603338723,-1.40285465948961,-0.2255194733737609,-1.818510863109968,2.8574140364571616,2.926577717859221,0.0632172993698872,1.0266137261845665,2.012033274694466,0.0861540308809214,5.120601248960863,-0.0273874426267913,-2.1521876511091143,2.192566153100452,-1.9258792438135446,8.0,5.049752469181039,0.0,16.0,136.0,8.0,0.0,16.0,16.0,1.0,0.0,1.0,1.0,17.0,1.0,1.0,1.0,0.0,
22,2017-03-27 18:59:00,2017-03-27 20:53:00,2017-03-27 21:17:00,2017-03-27 21:59:00,reactor_1,filter_a,0.1340541861903861,1.7654828438499381,-0.1771237806900796,-1.1708255156284202,15.282177225704014,0.12786221901782124,-3.999998976939167,3.99999079245564,-0.9937017349383406,-0.001075273008885794,1.7996739142151277,2.178533550313404,1.154908796092045,-0.12258112301298052,-0.08311323801687955,-3.996372135890381,3.996611681189033,-1.023624754221359,0.1065987585816925,0.8375212205778816,-0.2607200484453571,-0.5930220354343599,12.152258478312945,0.1258328961597765,-1.794389545031711,2.47080714849776,-0.3323019869890028,102.5,61.33922073192649,0.0,205.0,4305.0,102.5,0.0,205.0,205.0,5.0,0.0,5.0,5.0,210.0,5.0,5.0,5.0,0.0,bad
23,2017-03-27 20:54:00,2017-03-27 22:21:00,2017-03-27 22:41:00,2017-03-27 22:42:00,reactor_1,filter_a,0.07919003656337503,1.6677739754876868,0.1679887826755721,0.8958286265354513,6.889533181013627,0.010951526811096,-3.999998976939167,3.9508875322986903,0.7278398438598792,-0.035940683151453996,1.772644923549321,-0.1915220143583208,1.0357526529137584,-3.126839434176498,-0.171444557318196,-3.996372135890381,3.996611681189033,1.2272746672720791,-0.07845104189658897,0.8920968904577428,-1.0566745190144369,-0.1083610780441757,-6.82524064500324,-0.1401990336075331,-2.065938907312041,2.017847345111663,0.9483134409702612,250.0,,250.0,250.0,250.0,250.0,250.0,250.0,0.0,5.0,,5.0,5.0,5.0,5.0,5.0,5.0,0.0,
24,2017-03-27 22:22:00,2017-03-27 23:35:00,2017-03-27 23:55:00,2017-03-28 00:30:00,reactor_1,filter_a,-0.16762797620528533,1.0281509590958207,-1.057080754781858,1.4116482045064414,-12.236842262985828,-0.1411136106805499,-2.5837438069580774,2.25552260560311,2.468728959288299,-0.19927606223547897,0.901969242485619,0.353854555961839,-0.2556775509357099,-14.547152543189965,-0.2556775509357099,-2.3879639338689205,2.307603248198502,-0.6095321068975489,-0.12535649067728458,0.9319017873789875,0.5998413245724562,0.3394147192797725,-9.151023819441773,0.0099813700287299,-2.526346252937034,1.751491033919324,-0.2604266052926837,137.17142857142858,89.32013991792657,250.0,102.0,4801.0,90.0,39.0,250.0,-148.0,3.742857142857143,0.9804817886198223,5.0,3.0,131.0,3.0,3.0,5.0,-2.0,
25,2017-03-27 23:36:00,2017-03-28 01:08:00,2017-03-28 01:20:00,2017-03-28 01:47:00,reactor_1,filter_a,-0.08338947543889526,1.0491458010768981,-2.112252404417597,-0.6381552878711125,-7.671831740378364,-0.08412094247798735,-2.5797150642570625,2.43665641160155,1.4740971165464845,-0.05158134884821177,1.021797936110259,0.4703639634774047,0.6769320812266084,-4.745484094035483,-0.00947968583411485,-2.207099603831902,3.007282361758343,0.2065681177492037,0.08865744483071664,0.9566285440102401,0.7898909609735022,-0.1642262587620471,8.15648492442593,0.1008781677213624,-1.919197172972972,1.9931785383948248,-0.9541172197355493,39.0,23.811761799581316,0.0,78.0,1053.0,39.0,0.0,78.0,78.0,3.0,0.0,3.0,3.0,81.0,3.0,3.0,3.0,0.0,
26,2017-03-28 01:09:00,2017-03-28 01:39:00,2017-03-28 02:00:00,2017-03-28 02:23:00,reactor_1,filter_a,-0.0054105804678065035,1.903490919253711,0.0,-0.0242193577234945,-0.1623174140341951,-0.14107276508262573,-3.999998976939167,3.9508875322986903,-0.0242193577234945,0.02958742283368936,2.0485071832381743,-2.210737993954426,0.7273666409258792,0.8876226850106808,0.22087655561890218,-3.996372135890381,3.973585204119853,2.938104634880305,0.005656472738323111,0.8759310159101051,0.0,0.8060686438241145,0.16969418214969334,0.23771761301336425,-2.4115664688942537,1.185266259689607,0.8060686438241145,153.0,20.346989949375804,120.0,186.0,3519.0,153.0,120.0,186.0,66.0,3.0,0.0,3.0,3.0,69.0,3.0,3.0,3.0,0.0,
27,2017-03-28 01:40:00,2017-03-28 01:54:00,2017-03-28 02:31:00,2017-03-28 03:11:00,reactor_1,filter_a,0.2238466354180537,0.7501123339913274,-0.091044021650261,0.4935149188321984,3.1338528958527516,0.209769564053814,-0.7952466142188981,2.1585956761677094,0.5845589404824594,-0.3676855745766173,0.8722463697668796,-1.5339082584529735,-1.3526644042935858,-5.147598044072643,-0.24559399354487438,-2.25842005129648,0.7742675373979718,0.1812438541593877,0.3052149320587202,0.89064143885629,0.4608494321428548,-0.5326395099883708,4.273009048822082,0.29854822640223855,-0.7322114364757261,2.290519351600842,-0.9934889421312256,125.12934147527005,120.7937388458057,213.0,-0.5842389722738572,5005.173659010802,214.5,-1.9915868466224145,250.0,-213.58423897227385,1.523868872784344,1.7083311128923109,3.0,0.0991661330960655,60.954754911373755,3.0,-1.9991779450062104,3.0,-2.9008338669039344,good
28,2017-03-28 01:55:00,2017-03-28 02:23:00,2017-03-28 03:20:00,2017-03-28 03:48:00,reactor_1,filter_a,-0.37546822145464553,0.9395535957148866,0.078869363687603,1.6067616157172526,-10.513110200730075,-0.1537001423147334,-2.277685909015944,1.6067616157172526,1.5278922520296496,0.2000664372002445,0.6114016309705679,0.8150908568271856,0.6396074113703597,5.601860241606846,0.16323580545642202,-0.820168573828372,1.3970914227662277,-0.17548344545682593,0.20860271540685416,0.9053653744714314,0.4503496430717931,-1.3301063067186871,5.840876031391916,0.46551774000001356,-1.804452037533268,1.742404287192716,-1.7804559497904802,67.5,41.12987559751022,0.0,135.0,1890.0,67.5,0.0,135.0,135.0,5.0,0.0,5.0,5.0,140.0,5.0,5.0,5.0,0.0,
29,2017-03-28 02:24:00,2017-03-28 03:06:00,2017-03-28 04:12:00,2017-03-28 04:51:00,reactor_1,filter_a,-0.07027803427198151,1.8931400264408056,-0.5771327476466139,1.826405239585279,-2.9516774394232232,0.091327317808044,-3.949083647098415,3.99999079245564,2.4035379872318927,-0.2354080064591466,1.8498443158425393,-0.2531515034288166,-3.4889393274807894,-9.887136271284158,-0.3584991023408085,-3.972924667157559,3.9223875104988415,-3.2357878240519726,-0.09591764982622854,0.9113019364216359,0.8782136285131997,0.5479215718755837,-4.028541292701599,-0.18930338790367607,-1.6605162029708516,1.9762411660931616,-0.33029205663761607,19.0,11.40175425099138,0.0,38.0,741.0,19.0,0.0,38.0,38.0,1.0,0.0,1.0,1.0,39.0,1.0,1.0,1.0,0.0,
30,2017-03-28 03:07:00,2017-03-28 03:20:00,2017-03-28 04:56:00,2017-03-28 05:31:00,reactor_1,filter_a,0.03172088848117923,2.974965585132363,0.0,-2.348362767937313,0.41237155025533,0.0,-3.999998976939167,3.9508875322986903,-2.348362767937313,0.027599850144856528,2.9767855007138424,-2.210737993954426,0.16746418971385,0.35879805188313485,0.16746418971385,-3.996372135890381,3.973585204119853,2.3782021836682756,0.009516266544353814,0.8924896755397087,0.0,-0.7045088303811939,0.12371146507659958,0.0,-1.19999969308175,1.185266259689607,-0.7045088303811939,2.4357216333066174,3.683822393068823,0.0,1.5151292916153207,85.25025716573161,1.0,-1.3063626390755607,12.0,1.5151292916153207,0.5940493822660184,0.6894604215657442,1.0,0.9275264388038484,20.791728379310644,1.0,-1.1852848974970915,1.6181363515717375,-0.07247356119615156,
31,2017-03-28 03:21:00,2017-03-28 03:36:00,2017-03-28 05:59:00,2017-03-28 06:15:00,reactor_1,filter_a,0.012669261471341597,0.6851574591090186,0.3326128337650522,1.06701913667733,0.19003892207012396,0.2293631807625644,-1.2546990282674708,1.06701913667733,0.7344063029122778,0.3363107338395953,0.7458525858474068,-0.2511369322159472,0.6239527834674301,5.0446610075939295,0.2633485431409278,-1.0510309198235812,1.90821800218908,0.8750897156833772,0.48167092286596935,1.0248002941200238,2.2068700492801487,0.4913517404326486,7.22506384298954,0.4913517404326486,-1.370167316303289,2.2068700492801487,-1.7155183088475001,19.723472016862146,13.930986291994687,0.0,0.5755522697943647,315.57555226979434,19.5,0.0,42.0,0.5755522697943647,2.80930849140169,0.7627660343932393,3.0,-0.0510641375729571,44.94893586242704,3.0,-0.0510641375729571,3.0,-3.0510641375729572,
32,2017-03-28 03:37:00,2017-03-28 05:33:00,2017-03-28 06:43:00,2017-03-28 07:09:00,reactor_1,filter_a,0.13216283367951956,1.9423167203551464,0.1259942103088113,-2.851594880109064,15.33088870682427,0.21015427328664504,-3.955255743805019,3.99999079245564,-2.977589090417875,-0.09155076644208124,1.9168250371852364,0.745930337558178,3.9268099037039472,-10.619888907281423,0.027228017160218304,-3.972924667157559,3.997488082206164,3.1808795661457694,-0.00918197755348853,1.006656317826772,-0.7292443506523426,-0.8554784640327191,-1.0651093962046696,0.0149936600177169,-2.5264443808958474,2.2095956565539576,-0.1262341133803765,37.5,22.94558781116753,0.0,75.0,975.0,37.5,0.0,75.0,75.0,3.0,0.0,3.0,3.0,78.0,3.0,3.0,3.0,0.0,
33,2017-03-28 05:34:00,2017-03-28 06:50:00,2017-03-28 07:33:00,2017-03-28 08:02:00,reactor_1,filter_a,0.050819198354653275,2.4630722076995277,0.0,-1.6005358673523005,3.862259074953649,-0.0028608532701149,-3.999998976939167,3.9526590815333145,-1.6005358673523005,-0.1189520080749447,2.4878104308854434,-2.210737993954426,0.4161069700847259,-9.040352613695797,0.16174716297558928,-3.9968430489349775,3.9970662386548073,2.626844964039152,0.11958985395712807,0.9002415672680112,0.0,-0.2857568075041555,9.088828900741733,0.001716510205973,-1.4989523539828793,2.437815422073257,-0.2857568075041555,192.0,25.544079548889602,150.0,234.0,5568.0,192.0,150.0,234.0,84.0,3.0,0.0,3.0,3.0,87.0,3.0,3.0,3.0,0.0,
34,2017-03-28 06:51:00,2017-03-28 08:10:00,2017-03-28 08:29:00,2017-03-28 09:02:00,reactor_1,filter_a,0.1933025345377819,0.8439516755271785,1.3964694627884708,0.0156811055732118,15.27090022848477,0.2211619186528129,-1.481514223449276,2.9954167544626364,-1.380788357215259,-0.03621198708454079,1.0190100257441719,2.0252612958452496,-0.1361720332715806,-2.8607469796787224,-0.0083441098069661,-2.712629777644929,2.0252612958452496,-2.1614333291168304,-0.029230121610150612,0.9686416921448869,-0.4396064886142282,0.2935952431997979,-2.3091796072018984,0.0556191387576015,-2.6028683117050555,2.215638632575091,0.733201731814026,170.57575757575756,77.78657913765969,250.0,96.0,5629.0,207.0,60.0,250.0,-154.0,3.0,0.0,3.0,3.0,99.0,3.0,3.0,3.0,0.0,
35,2017-03-28 08:11:00,2017-03-28 09:44:00,2017-03-28 10:12:00,2017-03-28 11:08:00,reactor_1,filter_a,-0.015842710462119367,0.9461824993583734,-0.4203100963406112,0.801177460634188,-1.4733720729771012,-0.1125792811932478,-2.093603667181485,2.385329061328078,1.2214875569747992,0.0008765190366183526,0.9531567887706269,0.4898495386659078,1.2554564441295988,0.0815162704055068,-0.0486606204880976,-3.0322056013601344,2.70882012004565,0.7656069054636909,0.07069672464318118,1.0415066489425968,1.2497485334974747,-0.889173092241384,6.574795391815849,0.2023345633683802,-1.933595926234745,2.8547459422435746,-2.138921625738859,82.5,48.92851929090027,0.0,165.0,4620.0,82.5,0.0,165.0,165.0,3.0,0.0,3.0,3.0,168.0,3.0,3.0,3.0,0.0,bad
36,2017-03-28 09:45:00,2017-03-28 10:55:00,2017-03-28 11:30:00,2017-03-28 11:44:00,reactor_1,filter_a,-0.1540526365027634,1.9055760755340523,-2.877519024616283,-1.4985691226475926,-10.783684555193439,-0.215759931423632,-3.999998976939167,3.9508875322986903,1.3789499019686906,-0.03222133538939121,1.8194247549209905,0.8779210412196824,0.3726585005879924,-2.2554934772573847,-0.17733651804786882,-3.9212618422984105,3.996611681189033,-0.50526254063169,0.023265078087150507,1.1113320655596048,-0.8690846033560573,0.7305380163510898,1.6285554661005355,-0.03863186909091765,-2.5166287694572302,3.8303672423926254,1.599622619707147,246.35714285714286,5.583039465231251,234.0,250.0,3449.0,250.0,234.0,250.0,16.0,3.0,0.0,3.0,3.0,42.0,3.0,3.0,3.0,0.0,
37,2017-03-28 10:56:00,2017-03-28 11:04:00,2017-03-28 11:49:00,2017-03-28 12:46:00,reactor_1,filter_a,-0.055318585640495195,0.7984237653330024,0.0436702490450205,-0.2810417262043127,-0.44254868512396156,0.10658114395108645,-1.22523544827534,1.1084634906864244,-0.3247119752493332,-0.21048469087693447,1.0467094310005087,-1.0652729253521258,-0.0930964031554926,-1.6838775270154758,-0.13099645120232545,-1.5973179423872534,1.4036280882579688,0.9721765221966332,0.3460154127222071,0.64357147016635,0.3411449906514842,0.8677708208631452,2.7681233017776568,0.5813482810176356,-0.7583800277197421,0.9432300833673344,0.526625830211661,118.08140523158431,58.753774015570585,57.0,-0.5450602072005741,6730.640098200306,123.0,-1.051633546438196,207.0,-57.54506020720057,2.746718392799622,0.8530602931227924,3.0,1.191864043011854,156.56294838957845,3.0,-1.8804631694928056,3.0,-1.808135956988146,
38,2017-03-28 11:05:00,2017-03-28 12:27:00,2017-03-28 12:57:00,2017-03-28 13:50:00,reactor_1,filter_a,-0.07955523347242997,0.9673141630696537,1.6844831867844727,-0.044556219031688,-6.523529144739258,-0.1998141959251045,-2.180047637997061,2.1081168055486508,-1.7290394058161607,0.16271301309797728,0.9780451677153988,-0.0389683374135902,-0.9609370901194828,13.342467074034138,0.1697808096561636,-2.418157083566673,2.3262191203919604,-0.9219687527058926,0.020097307895043732,1.1812925958975076,0.2289466034803032,1.0621523460361435,1.647979247393586,-0.02677875405169495,-2.5314537214605557,2.712523978358515,0.8332057425558403,78.0,46.330335634441504,0.0,156.0,4134.0,78.0,0.0,156.0,156.0,3.0,0.0,3.0,3.0,159.0,3.0,3.0,3.0,0.0,bad
39,2017-03-28 12:28:00,2017-03-28 13:58:00,2017-03-28 14:09:00,2017-03-28 14:12:00,reactor_1,filter_a,-0.10883308981239848,1.4458888784572606,0.9897145362034168,0.9042338200616148,-9.794978083115863,-0.17071881433910466,-3.951777349824113,3.949989630777718,-0.08548071614180197,-0.11620668119410149,1.5538822501350111,0.8228318462870743,0.0791552000715478,-10.458601307469134,0.05949105110617635,-3.9212618422984105,3.996611681189033,-0.7436766462155264,-0.18197721045674697,0.8608809388637263,-1.674450924788354,-0.7990515961381629,-16.377948941107228,-0.29444903640179704,-1.842715556607348,1.4994600843993255,0.875399328650191,219.0,3.0,216.0,222.0,657.0,219.0,216.0,222.0,6.0,3.0,0.0,3.0,3.0,9.0,3.0,3.0,3.0,0.0,
40,2017-03-28 13:59:00,2017-03-28 15:20:00,2017-03-28 15:46:00,2017-03-28 15:58:00,reactor_1,filter_a,0.0866052740682485,0.9633370915653864,0.2506824948535703,-0.1300678734972606,7.015027199528129,0.0870161708809424,-2.1131086793489384,2.5405619235450176,-0.38075036835083087,-0.04557888095581971,0.9532070872619767,-0.7907899731630088,-0.1838917683487657,-3.6918893574213967,-0.0107679844091047,-2.5538714974615755,3.405579657342844,0.6068982048142431,-0.015054186994228162,0.957875063291803,0.8862369355411102,-1.8889900009691665,-1.219389146532481,-0.0481064029027581,-2.598644926533045,2.2450724555222794,-2.7752269365102764,5.5,3.605551275463989,0.0,11.0,66.0,5.5,0.0,11.0,11.0,1.0,0.0,1.0,1.0,12.0,1.0,1.0,1.0,0.0,
41,2017-03-28 15:21:00,2017-03-28 15:33:00,2017-03-28 16:16:00,2017-03-28 16:25:00,reactor_1,filter_a,-0.34078964467121536,0.7644612828301421,0.4689425701438441,-0.7403735656641064,-4.089475736054585,-0.5340623783190199,-1.4544248488017368,0.7752497189775955,-1.2093161358079505,0.008053614375164303,0.7321481207831204,0.1260687282349666,-0.480925077453178,0.09664337250197164,0.12971601700940766,-1.5355909057883572,1.065805331715188,-0.6069938056881445,0.4310466765173068,0.91550629295166,-0.0267786547403386,1.1924765795927963,5.172560118207682,0.5732821863996009,-1.9279837621955904,1.5496526806231454,1.2192552343331349,34.0,2.7386127875258306,30.0,38.0,306.0,34.0,30.0,38.0,8.0,1.0,0.0,1.0,1.0,9.0,1.0,1.0,1.0,0.0,
42,2017-03-28 15:34:00,2017-03-28 16:54:00,2017-03-28 17:11:00,2017-03-28 17:55:00,reactor_1,filter_a,-0.10101600484576212,1.2429266137900594,-1.486761454659921,-0.0404436916183206,-8.08128038766097,0.04133900326533455,-3.999998976939167,2.82741547919586,1.4463177630416004,0.22431856663967237,1.3068498834365563,-1.1017839581311475,1.4227445935318586,17.94548533117379,0.15340262797389204,-2.949854094284709,3.973585204119853,2.524528551663006,-0.15818137009557962,0.8724338498449034,0.7956447806557067,-0.7793327134721619,-12.65450960764637,-0.18198037870765338,-2.566400701941149,2.126678248813061,-1.5749774941278685,107.5,64.22616289332565,0.0,215.0,4730.0,107.5,0.0,215.0,215.0,5.0,0.0,5.0,5.0,220.0,5.0,5.0,5.0,0.0,bad
43,2017-03-28 16:55:00,2017-03-28 17:20:00,2017-03-28 18:04:00,2017-03-28 18:44:00,reactor_1,filter_a,0.2650195331838682,1.0627056326175144,1.0509239065984572,-0.4341756672265061,6.625488329596704,0.1298461850950458,-2.348362767937313,2.831459890640093,-1.4850995738249633,-0.393268502270071,1.2750279089489887,1.146386125819108,1.2014633918316897,-9.831712556751775,-0.3589222424776582,-3.9212618422984105,1.9235784888982317,0.05507726601258178,-0.07641652573230796,1.1833995591293616,-0.042671154210507,0.1127692002678147,-1.9104131433076992,0.0218863845066469,-2.8460693901452543,1.8911062679166333,0.1554403544783217,168.62421383189672,118.77097845810013,250.0,-2.234463003926719,6744.968553275869,250.0,-2.5424788171134405,250.0,-252.23446300392672,3.2785933436445918,2.6109375367567327,5.0,-0.7553173769157092,131.14373374578366,5.0,-2.357290685440624,5.0,-5.755317376915709,good
44,2017-03-28 17:21:00,2017-03-28 17:33:00,2017-03-28 19:02:00,2017-03-28 19:07:00,reactor_1,filter_a,0.0588683635526096,0.9694227406715775,0.0439093755540076,0.5360245334459175,0.7064203626313151,0.4575886884614798,-2.278081197576312,0.9851933919051244,0.4921151578919099,-0.5694165694164575,0.8251058368131235,-1.1985664152257094,-0.0050996493566757,-6.83299883299749,-0.8149026410469262,-1.8322506060642083,1.2300087485867237,1.1934667658690337,-0.5483043449109571,0.5752312260818973,-0.2677424662223319,-0.7493697783154111,-6.579652138931485,-0.6438099742311498,-1.3908252475451623,0.6906712542350566,-0.4816273120930792,20.0,15.811388300841896,0.0,40.0,100.0,20.0,0.0,40.0,40.0,10.0,0.0,10.0,10.0,50.0,10.0,10.0,10.0,0.0,
45,2017-03-28 17:34:00,2017-03-28 18:36:00,2017-03-28 19:28:00,2017-03-28 19:47:00,reactor_1,filter_a,0.16816068487859254,1.0932613297245766,-1.0403326441475838,-1.8314938098708056,10.425962462472738,0.0691589100138526,-2.013025169558584,3.94816958311453,-0.7911611657232218,0.13302129991163153,1.1718863445945884,-1.217452738311197,3.4917341721518653,8.247320594521154,0.09122399069165965,-2.935632995073341,3.4917341721518653,4.709186910463062,0.0919378350237577,0.9493800108194252,-0.6111662213085063,-0.5494481429612417,5.700145771472977,0.11243186232488944,-2.1644986570801885,1.9567506163569448,0.061718078347264616,9.0,5.627314338711377,0.0,18.0,171.0,9.0,0.0,18.0,18.0,1.0,0.0,1.0,1.0,19.0,1.0,1.0,1.0,0.0,
46,2017-03-28 18:37:00,2017-03-28 20:18:00,2017-03-28 20:36:00,2017-03-28 20:47:00,reactor_1,filter_a,0.03578597870845744,1.9445780356479974,0.0,0.2991275667679014,3.6143838495542018,-0.0057217065402298,-3.999998976939167,3.9526590815333145,0.2991275667679014,0.007882408736909024,1.9583961790006126,-2.210737993954426,-1.1991106990023117,0.7961232824278115,-0.1008521514177081,-3.9968430489349775,3.996611681189033,1.0116272949521141,-0.08473595248124717,0.960783826702072,0.0,0.777668954670584,-8.558331200605965,-0.1298350809307917,-2.127136767125234,2.4971861666945547,0.777668954670584,50.0,33.166247903554,0.0,100.0,550.0,50.0,0.0,100.0,100.0,10.0,0.0,10.0,10.0,110.0,10.0,10.0,10.0,0.0,
47,2017-03-28 20:19:00,2017-03-28 20:47:00,2017-03-28 21:09:00,2017-03-28 21:17:00,reactor_1,filter_a,-0.24590826059059895,1.5347033592748687,0.1880637241721875,1.0076827992282036,-6.885431296536771,-0.13124530491663344,-3.562596313207104,3.8056380581496376,0.819619075056016,-0.35273773666868985,1.5004119991823357,0.4727218176176555,0.5958471391453389,-9.876656626723316,0.1086325460258516,-3.9212618422984105,1.963830746319594,0.1231253215276834,0.49278006353599313,0.9941409910279034,-0.2008892093471832,1.840379938544286,13.797841779007808,0.3924787931070719,-1.2324918519556798,2.562859344710014,2.041269147891469,250.0,0.0,250.0,250.0,2000.0,250.0,250.0,250.0,0.0,10.0,0.0,10.0,10.0,80.0,10.0,10.0,10.0,0.0,
48,2017-03-28 20:48:00,2017-03-28 21:17:00,2017-03-28 21:32:00,2017-03-28 22:01:00,reactor_1,filter_a,0.003035479080935381,0.9612046182481909,-0.1293711995274789,0.8852547967357267,0.08802889334712605,0.0807278593628018,-2.3215166401591643,1.6259654918729518,1.0146259962632056,-0.3313054353485124,1.0884739646252046,1.197471268800456,-1.1996903845431,-9.60785762510686,-0.5331847747000067,-1.956625789447238,1.556402531758426,-2.397161653343556,0.2508868877214391,0.7265652194469486,-0.2157055480693611,-0.0985730581034559,7.275719743921734,0.4250198317444658,-1.1490473056766368,1.5955227223438473,0.1171324899659052,250.0,0.0,250.0,250.0,7250.0,250.0,250.0,250.0,0.0,10.0,0.0,10.0,10.0,290.0,10.0,10.0,10.0,0.0,
49,2017-03-28 21:18:00,2017-03-28 21:43:00,2017-03-28 22:06:00,2017-03-28 22:19:00,reactor_1,filter_a,-0.0445409623607939,0.9091522065154423,-1.0111392591784414,1.2921020013182452,-1.1135240590198474,0.0069380702741013,-1.5550861480692917,1.3349492883927745,2.3032412604966863,0.24035867791352225,1.0314468499292895,-1.872392564860769,1.0053522350626378,6.008966947838056,0.3112118323176561,-1.872392564860769,2.0518422277256394,2.877744799923407,0.12359587761066713,0.8375341972667155,-1.8837988781218584,-0.5136248642545646,3.0898969402666783,0.1576534347160964,-1.8837988781218584,1.7569239976148363,1.370174013867294,213.30769230769232,89.56504583763376,250.0,12.0,2773.0,250.0,11.0,250.0,-238.0,8.615384615384615,3.3798042728946482,10.0,1.0,112.0,10.0,1.0,10.0,-9.0,good
50,2017-03-28 21:44:00,2017-03-28 22:54:00,2017-03-28 23:08:00,2017-03-28 23:33:00,reactor_1,filter_a,-0.19798896097263746,1.8444162238731658,0.595021597343509,3.572944385860084,-13.859227268084622,-0.1025672042301641,-3.999974423505334,3.94816958311453,2.977922788516575,0.06670077836481697,1.8868055320695887,0.3625742674304637,-3.9715792073425367,4.669054485537188,0.19509106227947343,-3.9715792073425367,3.9970662386548073,-4.334153474773,-0.16516019255302009,0.8485046994482325,-0.2370984108442524,1.071883315758025,-11.561213478711405,-0.22321455462713255,-1.7969100174183694,2.189137885254064,1.3089817266022774,12.0,7.359800721939872,0.0,24.0,300.0,12.0,0.0,24.0,24.0,1.0,0.0,1.0,1.0,25.0,1.0,1.0,1.0,0.0,
51,2017-03-28 22:55:00,2017-03-29 00:22:00,2017-03-29 00:46:00,2017-03-29 01:20:00,reactor_1,filter_a,0.16816811327758777,1.5745201574572223,0.0,1.2126455701409535,14.630625855150136,0.1476047004672664,-3.999998976939167,3.954398280303074,1.2126455701409535,0.08524685887494397,1.4294616421472508,-2.210737993954426,1.0960915696693043,7.416476722120126,0.16746418971385,-3.996372135890381,3.973585204119853,3.3068295636237304,0.13846716334883644,1.0125338844593452,0.0,0.363793671042286,12.046643211348771,0.275546439997655,-2.5482603264859565,2.747266955407075,0.363793671042286,16.5,9.958246164193104,0.0,33.0,561.0,16.5,0.0,33.0,33.0,1.0,0.0,1.0,1.0,34.0,1.0,1.0,1.0,0.0,
52,2017-03-29 00:23:00,2017-03-29 00:30:00,2017-03-29 01:37:00,2017-03-29 02:06:00,reactor_1,filter_a,2.409890259933744,1.4558516709183278,0.0,1.2344353632948042,16.86923181953621,2.82741547919586,0.0,3.9508875322986903,1.2344353632948042,-2.2190405427240067,1.8129944684636639,-2.210737993954426,1.0740629494240903,-15.533283799068046,-2.486354214063524,-3.996372135890381,1.0740629494240903,3.2848009433785164,0.7229670779801234,0.4367555012754984,0.0,0.3703306089884412,5.060769545860864,0.8482246437587581,0.0,1.185266259689607,0.3703306089884412,65.0,8.514693182963201,51.0,79.0,1885.0,65.0,51.0,79.0,28.0,1.0,0.0,1.0,1.0,29.0,1.0,1.0,1.0,0.0,
53,2017-03-29 00:31:00,2017-03-29 02:19:00,2017-03-29 02:26:00,2017-03-29 02:37:00,reactor_1,filter_a,-0.1605193966332541,1.455624738018783,0.0,0.6559535084268496,-17.336094836391442,-0.07130574189850925,-3.999998976939167,3.9508875322986903,0.6559535084268496,-0.1571338330767214,1.5466005478836415,-2.210737993954426,-2.7274750916262325,-16.970453972285913,-0.13103803132970174,-3.996372135890381,3.997488082206164,-0.5167370976718066,-0.15027644444171245,0.9180431890987133,0.0,0.1967860525280549,-16.229855999704945,-0.183279934788262,-2.39728966597929,2.0590747089928487,0.1967860525280549,15.0,9.9498743710662,0.0,30.0,165.0,15.0,0.0,30.0,30.0,3.0,0.0,3.0,3.0,33.0,3.0,3.0,3.0,0.0,
54,2017-03-29 02:20:00,2017-03-29 03:19:00,2017-03-29 03:24:00,2017-03-29 04:06:00,reactor_1,filter_a,0.13957621335741388,1.3389487840757348,0.0,-1.419538168942358,8.23499658808742,-0.2703291893781233,-1.6607097341272736,3.9508875322986903,-1.419538168942358,-0.16881435943137407,1.2795929543136022,-2.210737993954426,-1.1130174425339692,-9.96004720645107,0.1288568816795962,-3.996372135890381,2.593317710544481,1.0977205514204567,-0.017379639278365396,0.9980107450543287,0.0,-0.5031643247916375,-1.0253987174235584,0.0715605745307762,-2.2585178718165304,1.6762404142894254,-0.5031643247916375,226.16666666666666,26.0598903715818,174.0,250.0,9499.0,235.5,174.0,250.0,76.0,3.0,0.0,3.0,3.0,126.0,3.0,3.0,3.0,0.0,
55,2017-03-29 03:20:00,2017-03-29 04:47:00,2017-03-29 05:14:00,2017-03-29 05:21:00,reactor_1,filter_a,0.02502809070479927,1.7527816158716576,0.0907937832004707,1.2126455701409535,2.1774438913175365,0.0907937832004707,-3.9535327256221615,3.999949870121741,1.121851786940483,-0.22931884044479608,1.6847304237563434,-0.4846602993114622,1.0960915696693043,-19.95073911869726,-0.2414614823014481,-3.9972812498918495,3.9246147675697447,1.5807518689807665,0.005637407845923808,0.9602689797676969,-1.4398393038259012,0.363793671042286,0.4904544825953713,0.0235955556572177,-3.1245559895169457,2.257236648866308,1.8036329748681872,3.0,2.160246899469287,0.0,6.0,21.0,3.0,0.0,6.0,6.0,1.0,0.0,1.0,1.0,7.0,1.0,1.0,1.0,0.0,
56,2017-03-29 04:48:00,2017-03-29 05:59:00,2017-03-29 06:11:00,2017-03-29 06:51:00,reactor_1,filter_a,-0.17797396702278234,1.8332753165344984,0.0,-1.0902123089326867,-12.636151658617546,-0.1878033047677183,-3.999998976939167,3.9508875322986903,-1.0902123089326867,-0.19618921926865443,1.9180757690411068,-2.210737993954426,0.7836899278867306,-13.929434568074464,-0.4616151470211909,-3.996372135890381,3.996611681189033,2.9944279218411562,-0.028213230238711515,0.9733606552541859,0.0,0.1975582855571475,-2.0031393469485175,0.0,-2.319447307800831,2.1343288028543954,0.1975582855571475,96.75,45.521902308049356,57.0,195.0,3870.0,76.5,57.0,195.0,138.0,2.0,1.7541160386140584,1.0,5.0,80.0,1.0,1.0,5.0,4.0,
57,2017-03-29 06:00:00,2017-03-29 06:53:00,2017-03-29 07:20:00,2017-03-29 07:36:00,reactor_1,filter_a,0.1910630406920099,0.8870891028707021,1.398007936060832,-1.128932162652175,10.126341156676526,0.1837608367959173,-2.2274403473623106,1.8764679122137888,-2.5269400987130073,0.039929984439219204,1.1073634682496754,1.5088717545908816,-0.1597579947788975,2.116289175278618,-0.119839040511956,-2.221709487800277,3.070798668218565,-1.668629749369779,0.04430304535118413,0.8512322007026587,1.15468927253515,0.920049363144378,2.3480614036127587,0.107118506786644,-1.8719132736051645,2.6010931578617864,-0.23463990939077206,53.5625,77.56628885454472,250.0,45.0,857.0,28.5,6.0,250.0,-205.0,3.25,0.6831300510639733,5.0,3.0,52.0,3.0,3.0,5.0,-2.0,good
58,2017-03-29 06:54:00,2017-03-29 07:04:00,2017-03-29 07:58:00,2017-03-29 08:41:00,reactor_1,filter_a,-0.0358335016258298,0.4576649593050179,0.4370348679658864,0.2281299866973349,-0.358335016258298,0.08490273864649114,-0.7758172566974235,0.5136015200327834,-0.20890488126855153,0.11092858342853847,1.0475320347128394,-0.413455655048041,-0.2163826812596087,1.1092858342853846,0.05145867105733695,-1.7685033513866557,2.1024800190212707,0.1970729737884323,0.5403674639189264,0.7916584417692772,0.7771600003238078,-0.5757773195503291,5.403674639189264,0.6450117481094682,-0.5757773195503291,1.9607232551619451,-1.3529373198741368,46.83153290951306,65.75746895859366,114.0,0.0865035001363218,2013.7559151090616,0.2014485818956099,-1.9303930851477225,156.0,-113.91349649986368,0.8599355254436718,1.760569664470626,3.0,0.8705834096000126,36.97722759407789,0.399857341314997,-2.3343011477417366,3.0,-2.1294165903999875,
59,2017-03-29 07:05:00,2017-03-29 07:30:00,2017-03-29 09:08:00,2017-03-29 09:57:00,reactor_1,filter_a,-0.2281791038172683,0.9903366190739026,0.3757919782735241,-1.2846812924491815,-5.704477595431707,-0.3670459223877329,-1.7009412538942488,1.862012938089684,-1.6604732707227057,-0.0016212381956087008,0.8437037665529953,-1.631720504054053,-1.6390040629537832,-0.04053095489021752,0.0570294800918137,-1.6390040629537832,1.58681318446067,-0.0072835588997302025,-0.20613128727609412,0.9171725274683513,-0.6756719355070743,-0.6129085381079952,-5.153282181902353,-0.1015124535695534,-2.104449552573029,1.4795226697604469,0.0627633973990791,30.60642470010657,39.95465688361347,0.0,0.609326806708916,1499.7148103052218,2.1151599066499265,-1.642056701074469,120.0,0.609326806708916,2.6219352477898474,2.5386670411328023,5.0,-0.0209230429248005,128.47482714170252,5.0,-1.353590175737454,5.0,-5.0209230429248,
60,2017-03-29 07:31:00,2017-03-29 07:58:00,2017-03-29 10:07:00,2017-03-29 10:21:00,reactor_1,filter_a,-0.09417687116497096,1.008061890199016,-0.0913766027217543,-1.839955718378979,-2.542775521454216,-0.3031053341335198,-1.839955718378979,2.2947585432628093,-1.7485791156572246,0.0003078565612529303,0.7345268711267073,0.1553252341284089,-0.5143142946235919,0.008312127153829119,-0.1183579429289614,-1.1712209308334407,1.7883711820107178,-0.6696395287520008,-0.07772685059605547,0.9388239242254042,-1.2904848787558176,-1.134325075941664,-2.0986249660934977,-0.1149672188299409,-1.5701262335058783,1.254299037544538,0.15615980281415354,6.5,4.183300132670378,0.0,13.0,91.0,6.5,0.0,13.0,13.0,1.0,0.0,1.0,1.0,14.0,1.0,1.0,1.0,0.0,
61,2017-03-29 07:59:00,2017-03-29 09:57:00,2017-03-29 10:44:00,2017-03-29 11:18:00,reactor_1,filter_a,0.04753001254754342,2.3880666740062346,-0.9068302291235728,-3.945378928120897,5.608541480610123,0.01549387266124615,-3.999974423505334,3.99999079245564,-3.038548698997324,-0.017535273154543066,2.4340485661480264,-1.0724813469926089,2.9239466131956027,-2.069162232236082,0.11918357463528395,-3.9968430489349775,3.997488082206164,3.9964279601882113,-0.010176727126076127,0.8483679295396529,-0.5733011711063488,-1.183613678436269,-1.200853800876983,0.00085825422493855,-1.4828463942362513,1.4248551139760863,-0.6103125073299202,16.5,9.958246164193104,0.0,33.0,561.0,16.5,0.0,33.0,33.0,1.0,0.0,1.0,1.0,34.0,1.0,1.0,1.0,0.0,
62,2017-03-29 09:58:00,2017-03-29 10:56:00,2017-03-29 11:43:00,2017-03-29 11:54:00,reactor_1,filter_a,0.39921534633594635,1.8014646646854668,0.0,0.7379499955111788,23.154490087484888,0.2118486205611423,-3.949083647098415,3.9526590815333145,0.7379499955111788,-0.33816507887698094,1.8143844703293046,-2.210737993954426,0.6867631348983925,-19.613574574864895,-0.13675275925731714,-3.9968430489349775,3.8507877692447474,2.8975011288528183,-0.07017710096636255,0.9253425823138448,0.0,0.2736892442179992,-4.070271856049028,0.07394949387817625,-2.31841708744199,1.327082822753736,0.2736892442179992,64.0,3.3166247903554,59.0,69.0,704.0,64.0,59.0,69.0,10.0,1.0,0.0,1.0,1.0,11.0,1.0,1.0,1.0,0.0,
63,2017-03-29 10:57:00,2017-03-29 12:38:00,2017-03-29 13:06:00,2017-03-29 14:03:00,reactor_1,filter_a,0.059881784165386934,1.0030189677245673,1.090352241459054,0.9183164910299172,6.0480602007040805,0.203876956507545,-2.2038851921143032,2.8248326258886416,-0.17203575042913688,-0.04866853104571914,1.0831811733086263,0.4171750900899802,1.7152863932564473,-4.915521635617633,-0.0944451828666315,-2.848045965232821,2.4160298220401284,1.298111303166467,0.08518189478406708,0.9769718797918897,-0.7871890671046519,-0.5309085406935297,8.603371373190775,0.1591893956270166,-2.216117118964372,2.305485307483674,0.2562805264111222,28.0,16.59819267269783,0.0,56.0,1596.0,28.0,0.0,56.0,56.0,1.0,0.0,1.0,1.0,57.0,1.0,1.0,1.0,0.0,
64,2017-03-29 12:39:00,2017-03-29 14:13:00,2017-03-29 14:39:00,2017-03-29 15:19:00,reactor_1,filter_a,-0.15672964104414894,1.636809847359315,-1.090302297684676,-0.7736350717846112,-14.73258625815,-0.16721345025814155,-3.999998976939167,3.9508875322986903,0.3166672259000647,0.27597226910406175,1.6074747599537673,1.6294176228700756,-2.070935517179793,25.941393295781804,0.3968496771312494,-3.9212618422984105,3.996611681189033,-3.700353140049869,-0.03396344842503349,0.9135498693551737,0.304124217183003,-2.078480157541533,-3.192564151953148,-0.0433461891690238,-2.5684587750574988,2.2698165619573034,-2.382604374724536,181.05,67.34448371752126,93.0,250.0,7242.0,195.0,80.0,250.0,157.0,8.2,3.6458617215012,1.0,10.0,328.0,10.0,1.0,10.0,9.0,bad
65,2017-03-29 14:14:00,2017-03-29 15:55:00,2017-03-29 16:19:00,2017-03-29 16:45:00,reactor_1,filter_a,-0.042367240152388214,1.0550574828902912,-6.830555731601933e-05,-0.8521381728802687,-4.27909125539121,-0.0903586249675276,-2.447385606911301,2.835450573894502,-0.8520698673229526,0.13829332427985108,1.0529039238516156,1.0709059947311834,0.3967401828570959,13.96762575226496,0.0912215647175202,-2.499962552984928,2.7634465592718263,-0.6741658118740875,-0.04644929873304104,1.0150741071181757,0.6101280188199415,0.4944803169001445,-4.691379172037145,-0.0124631040118451,-2.711669612470747,2.7253544576379545,-0.11564770191979701,62.5,38.242646351945886,0.0,125.0,1625.0,62.5,0.0,125.0,125.0,5.0,0.0,5.0,5.0,130.0,5.0,5.0,5.0,0.0,
66,2017-03-29 15:56:00,2017-03-29 17:54:00,2017-03-29 18:13:00,2017-03-29 18:27:00,reactor_1,filter_a,-0.04121418202228976,1.1267749476355056,-0.8465605200541483,-0.9942507012226268,-4.863273478630192,-0.136267078339257,-3.2397634194898046,3.949989630777718,-0.14769018116847854,0.02465222995001267,1.188523724047909,-0.7451721616352658,-0.0037863755405395,2.908963134101495,0.0055254465387842,-2.943393896301952,3.996611681189033,0.7413857860947263,0.08794624302633201,1.0790137985175445,0.3229775761607847,-0.4902166446797175,10.377656677107177,0.151573894155589,-2.59048329775248,3.035271472235735,-0.8131942208405022,6.5,4.183300132670378,0.0,13.0,91.0,6.5,0.0,13.0,13.0,1.0,0.0,1.0,1.0,14.0,1.0,1.0,1.0,0.0,
67,2017-03-29 17:55:00,2017-03-29 19:24:00,2017-03-29 19:49:00,2017-03-29 20:33:00,reactor_1,filter_a,-0.09056061931586852,1.3675942466820823,0.1285162013481536,0.3950655287437273,-8.059895119112298,0.0263038964481403,-3.999998976939167,3.949989630777718,0.2665493273955737,-0.04966345120317363,1.4605936319870902,-0.1907571397920056,0.5478222840431464,-4.420047157082453,-0.0748181621046388,-3.9212618422984105,3.973585204119853,0.738579423835152,-0.12416352510744175,0.9162497154901864,0.7891670427431744,0.7182621880170088,-11.050553734562316,-0.0369045170455417,-2.542224158204233,1.5276866404610168,-0.07090485472616559,102.0,15.054938153001416,96.0,129.0,4488.0,104.5,66.0,129.0,33.0,2.0,1.0115610777177464,1.0,3.0,88.0,2.0,1.0,3.0,2.0,
68,2017-03-29 19:25:00,2017-03-29 19:36:00,2017-03-29 20:51:00,2017-03-29 21:48:00,reactor_1,filter_a,0.0949556740458581,1.2554051672064348,-0.3907519237551544,0.3138002634465567,1.044512414504439,-0.3824739564978445,-1.3542866518806869,2.767762914563879,0.7045521872017111,0.21084014505761245,1.0729711328442775,0.0599709695512278,-0.97317913404174,2.319241595633737,0.0599709695512278,-1.2379644535119352,1.825952436196448,-1.0331501035929678,0.136901119843421,1.0679835714333028,0.694049034639007,-0.5003708790930363,1.5059123182776308,0.4217809929172573,-1.5269958666570196,1.3920179762993483,-1.1944199137320433,105.86500902911159,113.5785023901819,186.0,-0.4784218521335669,6034.305514659361,1.4155590160607134,-2.0016029614989184,250.0,-186.47842185213358,1.3440449902771485,1.7185978294367377,3.0,-1.436437482862059,76.61056444579746,0.906460741730916,-2.8018398127350284,3.0,-4.436437482862059,good
69,2017-03-29 19:37:00,2017-03-29 20:41:00,2017-03-29 22:08:00,2017-03-29 22:33:00,reactor_1,filter_a,0.06429293074325648,1.0587465898717359,0.6664422193971734,0.6358185065824877,4.114747567568415,0.1125759156003307,-2.696633110802953,2.231014720979521,-0.030623712814685677,0.022141574070309374,1.2577192920695575,0.3762490752844225,0.9428106059119522,1.4170607404998,0.0228780468137093,-2.718990748617212,3.133076036119033,0.5665615306275298,-0.006436236221486963,1.0156086321441966,-0.7689519532620372,0.0387396262160951,-0.41191911817516563,0.0923773686779298,-2.646536597527777,2.271364996604889,0.8076915794781323,36.0,22.079402165819616,0.0,72.0,900.0,36.0,0.0,72.0,72.0,3.0,0.0,3.0,3.0,75.0,3.0,3.0,3.0,0.0,
70,2017-03-29 20:42:00,2017-03-29 20:56:00,2017-03-29 22:40:00,2017-03-29 22:48:00,reactor_1,filter_a,0.1764318266225287,1.0573669386433673,-0.0909407074962631,-0.6324875758434316,2.470045572715402,-0.0090998055437531,-1.3055753742736211,1.9783412352348524,-0.5415468683471685,-0.05105216681396229,0.9760815244526503,0.7560062988773296,0.792251184754797,-0.714730335395472,0.0001837498274574051,-1.9979104262123215,1.5647846984239473,0.036244885877467437,-0.1137493154594265,1.0533803514189604,-0.3450919668119727,-1.9775820203145105,-1.592490416431971,-0.16570190199757215,-1.9775820203145105,1.7401885471584313,-1.6324900535025377,106.5,7.3484692283495345,96.0,117.0,852.0,106.5,96.0,117.0,21.0,3.0,0.0,3.0,3.0,24.0,3.0,3.0,3.0,0.0,
71,2017-03-29 20:57:00,2017-03-29 21:55:00,2017-03-29 22:58:00,2017-03-29 23:35:00,reactor_1,filter_a,-0.1660311933143131,2.3928967357980406,-0.5750873824429719,3.94816958311453,-9.62980921223016,-0.46922677578404415,-3.999974423505334,3.99999079245564,4.523256965557502,-0.01268147621486981,2.421111987736023,-2.2783688668818107,-2.935632995073341,-0.735525620462449,-0.003289518620430601,-3.9968430489349775,3.996611681189033,-0.6572641281915304,-0.010243348301131402,0.9015285449885159,-0.2959190309738674,1.184450874934359,-0.5941142014656213,-0.18177706854442865,-2.382705268856047,1.941984209712749,1.4803699059082263,141.83783783783784,35.19036603762259,150.0,180.0,5248.0,153.0,70.0,189.0,30.0,4.243243243243243,0.983344785396743,3.0,5.0,157.0,5.0,3.0,5.0,2.0,
72,2017-03-29 21:56:00,2017-03-29 23:42:00,2017-03-30 00:11:00,2017-03-30 00:33:00,reactor_1,filter_a,0.2805659075166568,1.355386293050556,0.0,2.2192328658229035,29.739986196765617,0.18538843160695154,-3.999998976939167,3.9508875322986903,2.2192328658229035,-0.02032155346635207,1.3718432092696389,-2.210737993954426,0.24859522592518,-2.1540846674333194,-0.01176470155332125,-3.996372135890381,3.973585204119853,2.4593332198796056,0.09374945346251086,1.0568958384424363,0.0,-1.045581816686734,9.93744206702615,0.20709592919373265,-3.154305533920138,2.1911447530656263,-1.045581816686734,105.0,64.93586579592719,0.0,210.0,2310.0,105.0,0.0,210.0,210.0,10.0,0.0,10.0,10.0,220.0,10.0,10.0,10.0,0.0,bad
73,2017-03-29 23:43:00,2017-03-30 00:28:00,2017-03-30 00:51:00,2017-03-30 01:19:00,reactor_1,filter_a,0.03828348543708053,1.6544459254081405,-1.2408677605482976,-0.2452475585747581,1.7227568446686239,0.0768877563605243,-3.951777349824113,3.949989630777718,0.9956202019735395,-0.051924553728594725,1.8065729452313894,-2.0994778575384507,-2.106414802336565,-2.3366049177867625,0.2496307946645659,-3.9212618422984105,3.996611681189033,-0.006936944798114464,0.00616334137496013,0.8631553247659354,-0.6753434245286919,-2.267462261379464,0.27735036187320583,0.0960220267317977,-2.267462261379464,1.8924548585227687,-1.592118836850772,250.0,0.0,250.0,250.0,7000.0,250.0,250.0,250.0,0.0,10.0,0.0,10.0,10.0,280.0,10.0,10.0,10.0,0.0,
74,2017-03-30 00:29:00,2017-03-30 01:23:00,2017-03-30 01:45:00,2017-03-30 02:33:00,reactor_1,filter_a,-0.004819630914237559,1.0461017406128703,0.9721532374248162,-0.7740362335559273,-0.2602600693688282,0.10639346257439256,-2.455736149584082,2.707373231328766,-1.7461894709807435,0.034454519461874,0.9382207791331105,-1.7007301282590817,-1.797631342407546,1.8605440509411961,-0.07192878450138179,-2.1115401378587206,1.9587434485584945,-0.09690121414846442,-0.08873534945637605,1.0396109070729378,-0.2354546416487941,-0.8605384652632012,-4.791708870644307,-0.1407160747828504,-2.1232013553366125,2.943256522486497,-0.6250838236144072,84.625,96.91707905609805,250.0,47.0,4062.0,35.5,12.0,250.0,-203.0,3.25,3.938354770443153,10.0,1.0,156.0,1.0,1.0,10.0,-9.0,good
75,2017-03-30 01:24:00,2017-03-30 02:46:00,2017-03-30 02:59:00,2017-03-30 03:14:00,reactor_1,filter_a,-0.24986110320272217,1.2319359001574004,0.1228679616537758,1.836578632697645,-20.488610462623218,-0.1505479628633692,-3.947247440696351,2.1137526432954434,1.7137106710438692,-0.09950964204142738,1.318413483593431,1.1357108250828003,-3.494521872310918,-8.159790647397045,-0.1514307451555374,-3.494521872310918,3.9246147675697447,-4.630232697393718,-0.09024806216274864,0.8943559016036857,0.3769064859940646,0.5509735898092935,-7.400341097345388,-0.10819171999919505,-2.112862386192672,2.098685982311908,0.17406710381522883,35.0,22.360679774997898,0.0,70.0,525.0,35.0,0.0,70.0,70.0,5.0,0.0,5.0,5.0,75.0,5.0,5.0,5.0,0.0,
76,2017-03-30 02:47:00,2017-03-30 03:37:00,2017-03-30 04:05:00,2017-03-30 04:22:00,reactor_1,filter_a,-0.007157460132510345,1.770218389746156,0.0,0.5051420128086918,-0.35787300662551724,-0.07740747074002086,-3.999998976939167,3.9508875322986903,0.5051420128086918,0.09216898852850756,1.7964354085289367,-2.210737993954426,-0.2353718897845214,4.608449426425378,-0.1327187329264427,-3.996372135890381,3.973585204119853,1.9753661041699044,0.149375082129856,0.8361795158456843,0.0,-0.244592635801249,7.468754106492801,0.050993619841416704,-1.5885359632676437,2.1947732036779137,-0.244592635801249,238.11764705882354,48.992196257339266,250.0,48.0,4048.0,250.0,48.0,250.0,-202.0,4.882352941176471,0.485071250072666,5.0,3.0,83.0,5.0,3.0,5.0,-2.0,good
77,2017-03-30 03:38:00,2017-03-30 04:11:00,2017-03-30 04:37:00,2017-03-30 05:23:00,reactor_1,filter_a,-0.09597740833474884,1.079292778823307,-0.0403555531522245,0.0759885512046317,-3.1672544750467115,-0.0403555531522245,-2.09884611672176,2.5586647511869445,0.1163441043568562,-0.011281022675696426,1.0031957226359263,1.1502512394471085,-0.1958555751392031,-0.37227374829798204,-0.1958555751392031,-1.5816891309105494,2.068654068903576,-1.3461068145863115,-0.03325132872673841,1.025567407409885,-1.7143290264035276,0.39522596844609,-1.0972938479823675,-0.1881570203233603,-2.0044883437097205,1.6112784018150794,2.1095549948496175,88.32860247524425,58.22833445500428,96.0,-1.1451743034789843,4063.1157138612357,110.5,-1.1451743034789843,160.0,-97.14517430347898,2.6924102403582073,2.1964018225417217,3.0,0.700530902587031,123.85087105647754,3.0,-2.432728355175523,5.0,-2.299469097412969,
78,2017-03-30 04:12:00,2017-03-30 05:24:00,2017-03-30 05:49:00,2017-03-30 05:52:00,reactor_1,filter_a,-0.07385430704279404,1.5663060101364115,-1.4099747668200686,3.5547587004447543,-5.317510107081171,-0.18180866627968423,-3.9535327256221615,3.999949870121741,4.964733467264823,-0.057499077637312226,1.5144294744249833,1.5392930420427735,-1.9488587374754052,-4.13993358988648,-0.09734695620706485,-3.9715792073425367,3.9970662386548073,-3.4881517795181787,-0.05117911920703709,0.9215684460103746,-1.2346523460800822,1.0664276101334262,-3.6848965829066707,-0.0983869608040118,-2.1795718883198942,1.900318548015181,2.3010799562135085,10.0,10.0,0.0,20.0,30.0,10.0,0.0,20.0,20.0,10.0,0.0,10.0,10.0,30.0,10.0,10.0,10.0,0.0,
79,2017-03-30 05:25:00,2017-03-30 06:48:00,2017-03-30 07:07:00,2017-03-30 07:08:00,reactor_1,filter_a,0.09892483438976857,1.7108647506650634,0.0,-0.0245786074979983,8.21076125435079,0.0,-3.999998976939167,3.9508875322986903,-0.0245786074979983,-0.11166369865856758,1.8176140698472594,-2.210737993954426,0.6920828702206185,-9.268086988661109,-0.0690706013764818,-3.996372135890381,3.996611681189033,2.9028208641750446,0.11124478672522158,0.7800748505730972,0.0,0.404912928308515,9.233317298193391,0.076562984906002,-1.4483159032795805,1.7935525012714963,0.404912928308515,0.0,,0.0,0.0,0.0,0.0,0.0,0.0,0.0,1.0,,1.0,1.0,1.0,1.0,1.0,1.0,0.0,
80,2017-03-30 06:49:00,2017-03-30 07:23:00,2017-03-30 07:39:00,2017-03-30 08:15:00,reactor_1,filter_a,0.30569583882964974,1.392815936421796,-1.2748336665459623,-0.8368659186039049,10.39365852020809,0.3476232793880394,-2.348362767937313,3.949989630777718,0.4379677479420574,-0.5513668957633375,1.3854912180135734,-0.0519178527118965,-0.8228114767497228,-18.746474455953475,-0.4334957581417571,-3.9212618422984105,2.3286877552178336,-0.7708936240378262,0.10301423964085556,0.9682581620751358,-0.9967653509780544,-0.2632439016629217,3.502484147789089,0.31249544694390863,-1.7518655681058797,2.1516451196325947,0.7335214493151327,49.5,10.535653752852738,32.0,67.0,1782.0,49.5,32.0,67.0,35.0,1.0,0.0,1.0,1.0,36.0,1.0,1.0,1.0,0.0,
81,2017-03-30 07:24:00,2017-03-30 08:22:00,2017-03-30 08:28:00,2017-03-30 08:31:00,reactor_1,filter_a,0.23361024650755782,0.9748666144967598,-1.3915735537021423,1.6699607550709232,13.549394297438354,0.2998544723922883,-2.6846207849378723,1.9165914853172723,3.0615343087730658,0.07975337888960088,1.1553288897488767,0.3344250303968034,0.929711082567888,4.625695975596851,-0.08905005492011815,-2.179481468461145,3.570596115826981,0.5952860521710847,0.1453851049367403,0.8406066928173442,-0.5247168955164476,0.0529083614750157,8.432336086330938,0.0883855756671283,-1.577382631103583,1.860855416341908,0.5776252569914633,55.0,45.902069670114,81.0,2.0,165.0,81.0,2.0,82.0,-79.0,1.0,0.0,1.0,1.0,3.0,1.0,1.0,1.0,0.0,
82,2017-03-30 08:23:00,2017-03-30 09:52:00,2017-03-30 10:16:00,2017-03-30 11:05:00,reactor_1,filter_a,0.21362726620794067,1.7323974289526505,0.7909034804302796,-2.371461728466369,19.01282669250672,0.1476261307039404,-3.9535327256221615,3.999949870121741,-3.1623652088966487,0.05423587666771001,1.8064366833002106,2.462398149034533,3.756664569363264,4.826993023426191,0.1286521188061208,-3.9972812498918495,3.9246147675697447,1.2942664203287308,-0.024770741965165304,0.9967046987101471,1.8034070974264096,-0.7114385185399107,-2.204596034899712,0.0453877754536963,-3.1321220032092816,2.7711973123972538,-2.5148456159663204,24.0,14.288690166235206,0.0,48.0,1176.0,24.0,0.0,48.0,48.0,1.0,0.0,1.0,1.0,49.0,1.0,1.0,1.0,0.0,
83,2017-03-30 09:53:00,2017-03-30 10:52:00,2017-03-30 11:10:00,2017-03-30 11:39:00,reactor_1,filter_a,0.34580942992103436,1.8955308071939352,0.0,-0.8085854606403032,20.402756365341027,0.1025003264254007,-3.999998976939167,3.9508875322986903,-0.8085854606403032,-0.21366520923945584,2.0392275362041383,-2.210737993954426,-0.1030378617591689,-12.606247345127894,-0.3708160102564327,-3.996372135890381,3.996611681189033,2.107700132195257,-0.0920692582082263,1.0203926430424803,0.0,0.5971331492301103,-5.432086234285352,-0.0003734645587219,-3.0285811199194463,1.6282619302894037,0.5971331492301103,68.0,8.514693182963201,54.0,82.0,1972.0,68.0,54.0,82.0,28.0,1.0,0.0,1.0,1.0,29.0,1.0,1.0,1.0,0.0,
84,2017-03-30 10:53:00,2017-03-30 11:53:00,2017-03-30 12:16:00,2017-03-30 12:48:00,reactor_1,filter_a,0.119204345804826,1.0274230728403368,0.6628901647960715,0.4022786960557543,7.15226074828956,0.21920965363094141,-2.1500814047816923,2.178132683749083,-0.26061146874031726,-0.07244553258323685,0.9371028296290965,0.4869069253209799,-0.466337653449668,-4.346731954994211,0.08282438527676075,-2.8470371642151537,1.2715591737385386,-0.9532445787706478,-0.07467956250767932,0.8494576902790726,1.570406121523502,-0.4942896962309507,-4.480773750460759,-0.1394933726828802,-2.190113443621279,1.960286114978648,-2.0646958177544525,46.5,28.142494558940577,0.0,93.0,1488.0,46.5,0.0,93.0,93.0,3.0,0.0,3.0,3.0,96.0,3.0,3.0,3.0,0.0,
85,2017-03-30 11:54:00,2017-03-30 12:27:00,2017-03-30 13:03:00,2017-03-30 13:12:00,reactor_1,filter_a,0.18805750731118936,1.5893266330073654,-0.4958576097932964,-0.4566315186416392,6.205897741269249,-0.0775864613140144,-2.228221976604147,3.949989630777718,0.039226091151657205,-0.2507651285126604,1.6437924135854625,-0.5229758683265555,-0.7068448411952145,-8.275249240917793,-0.1689327611385391,-3.9212618422984105,3.4861373440162744,-0.183868972868659,0.3169284793839532,0.8852049069501466,1.201716946774527,-0.0579233492357287,10.458639819670456,0.2866713501969051,-1.1794338842936505,2.666508338474733,-1.2596402960102557,153.0,8.215838362577491,141.0,165.0,1377.0,153.0,141.0,165.0,24.0,3.0,0.0,3.0,3.0,27.0,3.0,3.0,3.0,0.0,
86,2017-03-30 12:28:00,2017-03-30 14:22:00,2017-03-30 14:30:00,2017-03-30 15:03:00,reactor_1,filter_a,0.1355806995252038,1.9577669912553026,0.6668144011118698,0.5937881261797587,15.456199745873233,0.0530983554175317,-3.999917132355099,3.999949870121741,-0.07302627493211111,-0.11357892413968859,1.9333238793482475,0.3872151161355456,1.6913863873049166,-12.9479973519245,-0.11185689984160205,-3.9972812498918495,3.997488082206164,1.3041712711693711,0.039015470040590576,0.94209467208486,-2.0489076721636903,0.1781364378539276,4.447763584627325,0.00744917051070075,-2.0489076721636903,2.865416554077905,2.227044110017618,80.0,48.34769901453429,0.0,160.0,2640.0,80.0,0.0,160.0,160.0,5.0,0.0,5.0,5.0,165.0,5.0,5.0,5.0,0.0,bad
87,2017-03-30 14:23:00,2017-03-30 14:36:00,2017-03-30 15:28:00,2017-03-30 15:42:00,reactor_1,filter_a,1.5373521464705904,1.5629087613862047,0.0,1.954838425987225,19.985577904117676,1.2549160076188943,-0.6302275328160346,3.9508875322986903,1.954838425987225,-1.4086547344710152,1.6103890074571936,-2.210737993954426,-0.163686191988455,-18.312511548123197,-0.938649543491415,-3.996372135890381,1.0740629494240903,2.0470518019659707,0.029024679236529335,0.8690483911284593,0.0,-0.5652794314945404,0.3773208300748814,0.0,-1.276959144931877,1.185266259689607,-0.5652794314945404,250.0,0.0,250.0,250.0,3500.0,250.0,250.0,250.0,0.0,5.0,0.0,5.0,5.0,70.0,5.0,5.0,5.0,0.0,
88,2017-03-30 14:37:00,2017-03-30 15:32:00,2017-03-30 16:02:00,2017-03-30 16:44:00,reactor_1,filter_a,-0.0932658865150537,0.9818401618611978,-0.2051464698509296,1.6851753725315266,-5.129623758327954,-0.0094583953424338,-2.3447857401091863,2.524265671693977,1.8903218423824562,-0.1008105544728815,1.0478674298585005,0.1117519990815427,0.7506231983147827,-5.544580496008482,-0.1640676557471522,-2.773074011309209,2.232206596848556,0.6388711992332401,0.2047475720758823,0.9729856201219772,1.3236443540630871,-1.4523994607065518,11.261116464173526,0.1310595229178622,-2.2621986497724613,2.394696726199668,-2.776043814769639,248.57142857142858,5.661779678592221,250.0,250.0,10440.0,250.0,220.0,250.0,0.0,7.380952380952381,2.5274336830206567,5.0,10.0,310.0,5.0,5.0,10.0,5.0,
89,2017-03-30 15:33:00,2017-03-30 16:42:00,2017-03-30 17:01:00,2017-03-30 17:21:00,reactor_1,filter_a,-0.005349938028019269,0.9723328131254152,-0.4126355227590609,-0.5637941357401843,-0.36914572393332956,-0.001006305381115,-2.609212682954204,1.7735951914278698,-0.15115861298112343,0.0875288538030868,1.0038098994621873,-1.0710892531403522,1.0084104721820046,6.0394909124129885,0.0490593512507942,-2.3045185249940885,2.738332191368908,2.079499725322357,0.09496349972327663,0.9034758003732182,0.6910675848707825,-1.5523688998823542,6.552481480906087,0.0554441725326054,-1.5523688998823542,2.588136993749774,-2.2434364847531367,95.0,59.16079783099616,0.0,190.0,1900.0,95.0,0.0,190.0,190.0,10.0,0.0,10.0,10.0,200.0,10.0,10.0,10.0,0.0,bad
90,2017-03-30 16:43:00,2017-03-30 17:12:00,2017-03-30 17:43:00,2017-03-30 18:26:00,reactor_1,filter_a,0.5505698594183229,1.3955989792005556,0.791218648393181,0.1340937259709917,15.966525923131364,0.4492791488110897,-1.5906156552198074,3.949989630777718,-0.6571249224221893,-0.4051107249325642,1.4751568647189293,0.2071086200319055,-1.3904451277759398,-11.748211023044362,0.0057718964143502,-3.9212618422984105,1.6511654393306008,-1.5975537478078452,0.04021383871702021,1.1008868243199152,1.1493887338217583,1.644904788714644,1.1662013227935861,0.0837572348055116,-2.3475498338528014,2.525116610652796,0.49551605489288564,163.3655339673614,117.28462298995609,250.0,0.4531385898154177,7024.717960596539,250.0,-1.4166605422852991,250.0,-249.5468614101846,6.415890627050092,4.879728653783997,10.0,1.575823563188475,275.88329696315395,10.0,-2.263702552283565,10.0,-8.424176436811525,good
91,2017-03-30 17:13:00,2017-03-30 17:38:00,2017-03-30 18:43:00,2017-03-30 18:59:00,reactor_1,filter_a,0.044624581134634515,1.032006605285245,-1.2906992469360838,0.0343344942942132,1.115614528365863,0.0343344942942132,-1.9462014383707829,1.5104595920338744,1.325033741230297,0.26611089654814896,1.0632419236000394,-1.8109140768959844,0.7761984190902262,6.652772413703723,0.33615795753204,-1.8822559513589956,1.7862520048321266,2.5871124959862106,0.1595842400772417,0.8820666142548871,-1.5960642262561766,-0.369110737611404,3.9896060019310426,0.3737495772818479,-1.5960642262561766,1.7021562119196978,1.2269534886447726,75.0,47.60952285695233,0.0,150.0,1200.0,75.0,0.0,150.0,150.0,10.0,0.0,10.0,10.0,160.0,10.0,10.0,10.0,0.0,
92,2017-03-30 17:39:00,2017-03-30 18:14:00,2017-03-30 19:18:00,2017-03-30 20:10:00,reactor_1,filter_a,-0.028431979486771175,1.0428181115105373,0.3655399668227497,-1.2453151496158203,-0.9951192820369912,0.0442763398976102,-2.62252831547812,2.2515844099361884,-1.61085511643857,-0.07063345543440978,0.996957770886418,-0.6664107600815945,3.138703217404853,-2.4721709402043426,-0.1617410204546309,-1.9079883262549164,3.138703217404853,3.8051139774864473,0.12507013920903962,1.0617173043785526,0.7505110880719116,-0.3735945448847461,4.377454872316386,0.1849234617297106,-1.620986613004871,2.3749083533129096,-1.1241056329566577,11.410433684269272,11.654769531341563,0.0,0.2716357724917256,593.3425515820021,8.5,-1.197789051124877,34.0,0.2716357724917256,0.5286460543081671,0.7654316041441391,1.0,-1.1053155216185495,27.48959482402469,1.0,-1.4678117678492744,1.0,-2.1053155216185493,
93,2017-03-30 18:15:00,2017-03-30 18:39:00,2017-03-30 20:26:00,2017-03-30 20:49:00,reactor_1,filter_a,0.31845215004344535,2.851189461235985,0.0,-3.951777349824113,7.642851601042688,0.6172176816474021,-3.999998976939167,3.9508875322986903,-3.951777349824113,-0.11482323687903996,2.9921386109764705,-2.210737993954426,3.635617262849848,-2.755757685096959,-0.31254523264727024,-3.996372135890381,3.996611681189033,5.846355256804274,0.09553564501303362,0.8553568383707955,0.0,-1.1855332049472338,2.2928554803128067,0.1851653044942206,-1.19999969308175,1.185266259689607,-1.1855332049472338,11.0,6.782329983125268,0.0,22.0,253.0,11.0,0.0,22.0,22.0,1.0,0.0,1.0,1.0,23.0,1.0,1.0,1.0,0.0,
94,2017-03-30 18:40:00,2017-03-30 18:52:00,2017-03-30 20:57:00,2017-03-30 21:51:00,reactor_1,filter_a,0.8317251284102363,1.3815732300769803,0.0,0.873711385122392,9.980701540922835,0.7363824000821346,-1.748857672634864,3.2364042579786165,0.873711385122392,-0.9903119046391243,1.5300902365666647,-2.210737993954426,0.6283220996548973,-11.883742855669492,-0.47646834520062187,-3.996372135890381,0.6283220996548973,2.839060093609323,0.2552550718370004,0.6079597183334077,0.0,0.935337739509866,3.0630608620440047,0.2781675533169765,-0.8358601436273675,0.9758342827995362,0.935337739509866,6.118706704071125,14.188229935043017,0.0,-0.4129631528813084,330.41016201984075,0.4850913162772768,-1.9656488342347884,55.0,-0.4129631528813084,1.0690485188181702,2.3435569467151933,5.0,0.1438960605724626,57.728620016181196,0.4310207631339087,-2.096794332105125,5.0,-4.856103939427538,
95,2017-03-30 18:53:00,2017-03-30 19:45:00,2017-03-30 22:10:00,2017-03-30 23:02:00,reactor_1,filter_a,0.09699910919241539,1.753335544017625,-1.1987758249545013,-0.134044756823474,5.0439536780056,-0.0614346168447988,-3.951777349824113,3.949989630777718,1.0647310681310274,0.38480211058315916,1.7507703221474076,-2.10915762170279,1.539207649824716,20.009709750324276,0.45269873536780614,-3.9212618422984105,3.996611681189033,3.648365271527506,0.2353947763444044,0.9196536316734826,-0.2998643632725243,-0.3005863654839232,12.240528369909029,0.28867437299860377,-1.6054545356251757,2.321597038533151,-0.0007220022113988978,76.5,45.46427168667722,0.0,153.0,3978.0,76.5,0.0,153.0,153.0,3.0,0.0,3.0,3.0,156.0,3.0,3.0,3.0,0.0,
96,2017-03-30 19:46:00,2017-03-30 20:25:00,2017-03-30 23:11:00,2017-03-30 23:48:00,reactor_1,filter_a,-0.33377133148405613,2.633899852400915,0.0563345267598393,-3.2296660756149542,-13.01708192787819,-0.0057217065402298,-3.999998976939167,3.99999079245564,-3.2860006023747936,0.3743635684283529,2.647923274385563,0.0370536760942476,1.3872780002127774,14.600179168705763,0.4617760723709252,-3.972924667157559,3.996611681189033,1.3502243241185297,-0.2180130978397783,0.8860903453871034,-2.231402035110262,-0.9688998226844864,-8.502510815751354,-0.347974000684172,-2.231402035110262,1.199997237736692,1.2625022124257756,18.0,10.824355254086345,0.0,36.0,666.0,18.0,0.0,36.0,36.0,1.0,0.0,1.0,1.0,37.0,1.0,1.0,1.0,0.0,
97,2017-03-30 20:26:00,2017-03-30 21:03:00,2017-03-31 00:12:00,2017-03-31 00:16:00,reactor_1,filter_a,-0.029454772439660975,1.4366110237084697,-0.4601467846749326,0.4976081584777727,-1.089826580267456,0.0462607928681947,-3.802098735616053,3.99999079245564,0.9577549431527053,-0.19309775092218456,1.4849119539526496,0.275047189575099,0.3332852638992828,-7.144616784120829,0.0394896687025814,-3.972924667157559,2.4818696064400267,0.05823807432418382,-0.09172949485258103,0.8912104554791492,-0.9470285695506508,-0.2222558165376976,-3.393991309545498,0.124967897233534,-1.843921368120328,1.5146986544515677,0.7247727530129533,7.5,6.454972243679028,0.0,15.0,30.0,7.5,0.0,15.0,15.0,5.0,0.0,5.0,5.0,20.0,5.0,5.0,5.0,0.0,
98,2017-03-30 21:04:00,2017-03-30 21:33:00,2017-03-31 00:40:00,2017-03-31 01:18:00,reactor_1,filter_a,-0.33574059882159973,2.5139084695940612,0.0240110714149169,2.3576168335025423,-9.736477365826392,-0.4887743413998778,-3.999998976939167,3.949989630777718,2.3336057620876254,0.20305843139009971,2.571607849400269,-1.136708576796448,-3.7507344092348927,5.888694510312892,0.16746418971385,-3.9212618422984105,3.996611681189033,-2.6140258324384447,-0.07296817755880297,0.8474779660599365,-1.1132298452531706,0.7072850500507627,-2.116077149205286,-0.1866192804365436,-1.19999969308175,1.4267821395263032,1.8205148953039334,67.04106455686109,58.97816682836265,140.0,-0.5859385419483965,2547.5604531607214,55.5,-0.8854759905597792,180.0,-140.5859385419484,2.799281843414212,1.775598884148245,5.0,0.7379426333036386,106.37271004974005,3.0,-1.5516059788364491,5.0,-4.262057366696362,
99,2017-03-30 21:34:00,2017-03-30 23:13:00,2017-03-31 01:29:00,2017-03-31 02:17:00,reactor_1,filter_a,-0.012699247983728049,2.052894522656298,0.0,-1.212813170806032,-1.2572255503890768,-0.0927018881175772,-3.999998976939167,3.99999079245564,-1.212813170806032,-0.0037267435861770624,2.0811996630488787,-2.210737993954426,1.3723798862742569,-0.3689476150315292,0.16746418971385,-3.996372135890381,3.996611681189033,3.5831178802286825,-7.978308610079085e-06,0.8512961942966801,0.0,0.7936982785501995,-0.0007898525523978295,-0.0233209607584754,-1.6885848022100334,1.8030817441834857,0.7936982785501995,70.5,42.0,0.0,141.0,3384.0,70.5,0.0,141.0,141.0,3.0,0.0,3.0,3.0,144.0,3.0,3.0,3.0,0.0,
